"id","age","gender","hand","country","extra","neuro","agree","concs","open"
"1c879983-407a-4a8c-b725-6dc4c13a0632",32,"female","right","AU",3,2.2,3.4,4.2,3.2
"3db28b88-8586-4145-99a9-94667cfca395",14,"female","right","AU",2.54545454545455,3.6,3.3,2.2,4.1
"09fbf03f-6541-4064-af78-3d7e5a392d69",21,"male","right","AU",2.18181818181818,2.4,4,2.9,4
"7f1851e2-7848-4eb5-8b29-0c2eed3c1555",15,"female","right","AU",3.27272727272727,3.8,4,2.7,3.4
"33298fdc-7cd7-4bdb-bf03-27dda0bb1880",15,"female","right","AU",3.63636363636364,3.4,3.9,2.7,2.6
"386bdf71-0a9f-4dae-80b6-986d51e92836",19,"female","right","AU",2.18181818181818,3.3,3.8,3.6,2.9
"4cf40302-838a-43fd-b1f0-ce60a3b8416d",15,"male","right","AU",2.45454545454545,2.5,2.6,2.7,3.3
"7992860f-873c-4cb1-9394-7e351391947c",15,"male","right","AU",3.63636363636364,1.5,3.4,3.7,4.6
"1e161368-82b4-4805-8967-a56a6a9e6cce",23,"female","left","AU",4,3.6,4.4,4.7,4.3
"bdba6f6d-9123-48cd-bb7a-7764f1434736",19,"male","right","AU",3.54545454545455,3.1,3.8,2.1,4.1
"b1020a5d-47a0-4b6a-8d78-61c86f58b6c5",19,"male","right","AU",2.27272727272727,4,3.1,3.1,4.2
"5f90c5c6-e489-4815-932b-8434595b731c",16,"male","right","AU",2.09090909090909,3.5,4.5,2.7,4.3
"f9918315-e21c-42e1-8478-599e26aa9c87",16,"female","right","AU",2.72727272727273,3.8,4,4.1,3.8
"d9e7d09d-fde1-4ceb-bba6-197bf6c4b780",26,"female","right","AU",3.54545454545455,3,4.2,2.4,4.7
"0197da0c-30f2-485d-9691-e83275e17263",56,"female","right","AU",3.45454545454545,1.3,4.3,4,3.8
"819600cc-1c1f-4fc0-849a-20b8905140de",15,"female","left","AU",2.54545454545455,3.9,4.5,3.5,4.3
"c89cb963-85db-4d74-af14-a0b2dd5685da",17,"male","right","AU",1.54545454545455,4.5,3.8,2.5,4.1
"f2a2e9d8-0c38-479b-be88-2f6c5a9dd63c",48,"female","right","AU",4.09090909090909,2.7,4.5,3.8,4.7
"1d91ae55-8340-4a0e-aa3b-1818413cab61",22,"female","right","AU",3.81818181818182,4.3,4.3,2.5,4.1
"5c666ab8-61f3-418d-b5a8-e7d9056fb6a4",14,"female","right","AU",1.81818181818182,4.3,3.1,3.5,3.2
"f4a8af24-6aba-4b5b-900b-718d5908eeec",18,"female","right","AU",3.90909090909091,3.6,2.7,2.9,3.3
"83d12331-189a-4e78-8dc5-e65f7afe42b7",28,"female","right","AU",3,3,4.5,4,2.8
"c49850bf-befd-4e1f-8641-24422aa16aff",32,"female","left","AU",2,2.1,4.3,3.5,4.5
"9c181d05-f9b2-4e96-bf35-008fae7b4701",29,"female","right","AU",2.45454545454545,3.4,4.4,3.6,4.3
"51ae4ca0-b4b6-402f-a138-78734c7a4ba6",16,"male","right","AU",3.81818181818182,2.3,3.5,3.1,3.9
"3c5b135d-dc55-4686-aeb4-5bbbb0523e87",23,"female","right","AU",3.09090909090909,3.1,4.1,2.7,4.2
"4b038e75-6aaf-4258-a0a6-073c91a36d68",30,"male","right","AU",2,4,2,2.9,3
"b304052e-44e5-47eb-b3db-37f7d73757de",14,"female","right","AU",3.27272727272727,2,4.3,4.9,3.9
"f57dc973-c1bf-4b76-8da2-c0254fffb9d1",48,"male","right","AU",1.81818181818182,1.6,4.1,4.4,2.9
"4442a8d2-3074-4c59-a709-4729c2d05352",54,"female","right","AU",3.63636363636364,2.6,3.7,3.9,4.1
"963360e0-8654-4c7a-a81a-69b0e84fbc89",30,"female","right","AU",3.54545454545455,3.5,4.2,3.6,3.9
"991194c6-9643-4a11-aecf-5ddaf37fe1bb",26,"female","right","AU",3.72727272727273,2.9,4.7,4.9,4.5
"5e10f090-91d8-4cde-977e-1631d311e4ce",30,"male","right","AU",4.09090909090909,2.6,2.7,2.3,4.5
"01e12fda-0c0d-4448-bb1d-28bc2bce0ea1",21,"female","right","AU",2.45454545454545,2.2,4.1,3.6,3.9
"000dbf1c-6d51-4d0d-a12e-e87d542bed32",28,"male","right","AU",3.45454545454545,2.1,3.1,2.6,3.4
"2f0248e7-b10f-49be-b4d4-f565caad0a66",21,"male","right","AU",2.72727272727273,2.8,3.8,3.2,5
"4445479b-1664-432c-bd67-ad714929405e",15,"female","right","AU",1.36363636363636,4.6,2.7,1.6,2.8
"cff5dcbb-8ba0-449e-be29-d3df2ee0466f",16,"female","right","AU",4.09090909090909,4.4,1.8,4.6,4.8
"4b1cb2fc-d547-408b-be89-db3ca214a5d8",17,"female","right","AU",2.27272727272727,3.9,3.8,2.4,4.1
"dde21606-b3ce-4080-b085-63273e1d39bc",49,"male","right","AU",2.09090909090909,2.1,2.1,4.8,4.1
"135feec7-e5a3-4f77-925a-02caf046d00b",18,"female","right","AU",2.72727272727273,3.8,3.8,2.3,5
"df6a1c81-4a92-47d8-bae4-33e8eaff7e9b",17,"male","right","AU",2.27272727272727,3.2,2.6,2.4,2.1
"7ac95d77-c7ce-435b-8ba7-9032de08d6bd",17,"female","right","AU",3.63636363636364,4.3,3.4,2.5,3.9
"8af313dc-7cce-477e-8707-bc6ac9a455a0",20,"female","right","AU",3.18181818181818,4.6,3.6,3.1,4.5
"c4568b2f-eb4c-41e1-9dfb-f28d9cbc6aef",19,"female","left","AU",2.36363636363636,3.7,3,2.5,3.9
"60bb2083-b363-4cb1-b128-399d9fdf5ed4",16,"male","right","AU",2.18181818181818,2.7,3.7,3.6,3.2
"00825ff1-90e2-44e5-b83e-3c9f15f7fced",19,"female","right","AU",2.54545454545455,3.2,3,3.3,3.8
"6dd000da-9879-45f4-b77c-7f89c087ad02",16,"female","right","AU",3.54545454545455,2.6,3.8,3.6,3.2
"6eef3d91-52c0-4f19-a2a6-2ce356564a99",67,"male","right","AU",3.09090909090909,3,3.6,3.6,3.2
"29f2ea24-6e42-4100-a088-5c00051b842c",28,"female","right","AU",2.63636363636364,2.8,4.6,3.5,4.4
"dd99c5ee-a249-457e-82c9-0e42fa5b8d28",39,"female","right","AU",3.36363636363636,3.8,4.6,4.3,3.7
"65ebb7cb-a464-45b0-812c-81edf5e00e8f",17,"male","right","AU",2.18181818181818,1.9,2.8,2.9,2.8
"51015fe0-5f49-45f6-9994-24e16ea3b58d",14,"female","right","AU",4.09090909090909,4.1,4.3,3.4,4.5
"e44b8500-b1e1-4d24-9ef9-cacd6baa3741",15,"female","right","AU",1.81818181818182,4.8,4.3,4.6,4.5
"72779d95-c643-4270-a1c1-0e2bbbd80920",17,"male","right","AU",2.72727272727273,2.2,3.5,3.2,4
"2726a277-0d72-413d-98d0-c098e0d21770",21,"male","right","AU",2.72727272727273,3.8,3.9,2.9,3.6
"9e90b12e-beb4-44c3-8d3b-776e54fca0c0",42,"female","right","AU",3.36363636363636,2.4,3.9,3.6,4.1
"08cd35ed-4b8b-49e9-a59b-233c794cc283",20,"female","right","AU",2.09090909090909,3.4,4.2,3,4
"5e9b3565-3cc6-4ac4-87c7-f3663860b0fc",15,"female","right","AU",3.09090909090909,3.2,4,2.8,4.2
"151d295e-9946-4dbb-acd0-fa93c60f3339",44,"male","right","AU",3,1.5,4.4,4.7,5
"682ba603-15a9-4ca7-9f68-978c20cfd7ce",16,"female","right","AU",3.18181818181818,3.8,4.2,2.5,2.6
"dba90e7c-5dee-461a-a225-fb5ac6f125d6",30,"female","right","AU",3.72727272727273,3.8,3.7,2.7,3.2
"2f4b319c-5444-477f-8083-55bcbf10a3d5",14,"female","right","AU",3.36363636363636,2.7,4,2.3,3.2
"75cae48f-9025-40d1-8d1c-e468a660dc81",14,"female","right","AU",2.09090909090909,3.4,3.6,2.8,4.3
"f696b391-301c-49e4-bd32-2d4289cf6256",34,"male","right","AU",3.09090909090909,3.1,4,2.6,4.1
"0e9e3878-00b9-4ae9-a3e5-9360ff20f4de",28,"male","right","AU",2.72727272727273,3,3.6,4.5,3
"959ca52b-97ab-478b-93d9-64124148a4c6",23,"male","right","AU",2.09090909090909,3.5,3.2,4.5,4.7
"c87ceb22-77be-43e1-9f3f-fa4cdad87d38",25,"male","right","AU",2.27272727272727,3.2,1.9,3.6,2.8
"484fdd01-9e16-40c5-8f9c-d33faba7c73a",45,"male","right","AU",2.63636363636364,2.4,3.8,3.4,3.6
"916e28cc-447e-490a-99be-b219c03adc49",15,"female","right","AU",3.09090909090909,3.1,4.8,3.2,3.6
"1c3023d5-054b-41f5-83dd-077df3eaaec0",31,"female","left","AU",3.63636363636364,3.3,4.2,3,3.9
"5e38e36c-06e0-42b4-a894-7b634311713c",34,"female","right","AU",3.63636363636364,3,4.1,4.6,3.2
"250d92ea-5d08-4403-b1b8-9d5b5a8ebf38",43,"female","right","AU",3.18181818181818,3.3,3.7,2.9,3.7
"953468b3-a6be-48d1-a1f4-5d9c1a970af6",22,"male","right","AU",4,1.5,4.7,1.4,4.1
"4c735817-bcf2-400b-a102-2a720a3d3dd2",14,"female","right","AU",3.09090909090909,3,4,4.1,3.7
"4c2411fe-54b3-4b6f-946e-c7a73ae6476c",18,"female","right","AU",2.36363636363636,2.3,3.8,2.8,3.2
"c74a8fb7-20ba-4e89-91a0-42020dc5df88",24,"female","right","AU",3.72727272727273,2.6,4.3,3,4.3
"2b9f08b1-1876-4fbb-8eff-97cd6c304981",34,"male","right","AU",2.09090909090909,1.8,3.4,3.1,3.4
"f6b07c34-ed48-4183-b7e3-5a7ab6380c99",16,"male","right","AU",2.81818181818182,4,4.1,2.9,3.8
"70d81ffe-4c6c-43e8-8f2c-8e6629376521",16,"female","right","AU",2.09090909090909,4.3,3.4,3,3.3
"4941f35a-d86a-4fb0-a2b1-9941e3d70e23",14,"male","right","AU",1.63636363636364,3.2,4.2,2.2,3.8
"150369bf-0e81-4fe7-a526-d6a8f3a00aa8",15,"male","right","AU",1.36363636363636,3,1.7,2,3.1
"63c655a0-8781-4cca-ab60-bf5606df0a80",15,"female","right","AU",2.90909090909091,3.4,4,3.4,3.3
"4dba757d-5be0-41e0-9d30-960c224f0c63",60,"female","right","AU",3.81818181818182,1.7,4.4,4.8,3.7
"bbcc0c1f-6c70-45f5-8826-2e3fa1abe048",17,"female","right","AU",1.90909090909091,3.7,4.5,2.5,4.5
"bcdcac02-cb39-413c-9d5c-7ca2d702bd7b",17,"female","right","AU",3.09090909090909,4.3,3.8,2.4,4.1
"39381e60-ebaa-4358-96bf-31696c75e955",20,"female","right","AU",3.90909090909091,2.7,3.3,3.7,3.8
"0817c6c3-de2b-4838-b364-a99f31ec8dc9",18,"male","right","AU",3.63636363636364,2.9,4.3,3.8,4.8
"007e3ff0-b5b5-4cf0-a9f6-1770c159f8fb",16,"male","left","AU",2.54545454545455,3.6,3.5,3.7,3.5
"d7dd0b79-c8ff-4c20-bc7a-4fb806bc66bc",28,"female","right","AU",3.36363636363636,2.8,4.3,3.9,3.7
"c4af9e43-5da0-432c-a9a8-f39d1dd7139e",47,"female","right","AU",3.45454545454545,2.8,3.5,4,3.9
"035c5558-319f-479c-af3a-b0e32a60a90e",15,"male","right","AU",2.72727272727273,3.1,2.4,3,3
"6f389746-f9c2-4f49-a29c-3d4073a15bb4",71,"male","right","AU",2.36363636363636,2.5,4,4.3,3.3
"300c8b5d-3f94-4419-afeb-baf24676fd78",20,"female","right","AU",3.72727272727273,2.4,4.6,3.6,4.5
"91b2c4cb-7f93-4f36-904d-a7a8d2effe77",16,"male","right","AU",2.72727272727273,3.9,2.8,2.7,4.1
"aa5a6b9b-2b39-407e-87da-c2693e8f0deb",16,"male","right","AU",3.54545454545455,1.6,3.3,2.8,3.7
"4c2a2304-f0ae-48d8-badf-8bbf2406a656",16,"female","right","AU",2.72727272727273,3.1,3.4,2.2,3.6
"d3ccb114-6e21-4361-bbeb-030799470802",14,"female","right","AU",1.90909090909091,4.3,4.9,2.2,4.6
"b9c21cbb-4096-4fa9-8a39-b761f0c533f9",27,"female","right","AU",3.63636363636364,4.2,3.8,3.1,3.9
"bc607f1b-8636-44f1-b07f-1ab4257ed57b",59,"male","right","AU",3.36363636363636,1.6,4.5,3.9,4.1
"8bb4a65f-e186-4dc6-8792-6ad481e7108a",25,"female","right","FR",3.45454545454545,2.9,3.8,3,4.6
"ce00aa87-4ff2-44ea-9aa6-681cafb4be07",38,"male","right","FR",2.90909090909091,3.1,3.8,3.5,4.6
"60d8bf13-44fd-42c7-90d3-0b107ee2ae11",23,"female","right","FR",2.36363636363636,4.4,2.7,2.4,2.6
"8182aef0-f8dc-4349-8933-546301063975",21,"female","right","FR",2.27272727272727,3.4,3.7,3,4
"8d111f08-8feb-455a-b131-6b6378a416eb",23,"male","right","FR",3.45454545454545,2.2,3.7,3,3
"8c054dad-b38a-46f1-9c59-51a7afa4b8ce",18,"male","right","FR",2.72727272727273,2.7,3.6,3.3,3.8
"bb3c3b1b-b66e-4d2c-8667-8cbc531a5517",19,"female","right","FR",2.45454545454545,3.2,3.3,1.4,3.8
"5a593f89-7496-4163-b547-46c034f95d1a",46,"male","right","FR",3.09090909090909,2.5,4.1,4.3,4.6
"f1f464c9-0c8c-40a7-aa6e-b3d186dfae83",22,"male","left","FR",1.90909090909091,2.9,2.7,3.1,4.2
"78caa304-0a81-45b6-8ab2-9e9b5713520d",21,"male","right","FR",3.54545454545455,3.1,2.6,2.2,4.8
"2f516a89-c7fb-4190-a71a-4f9571dd4b75",40,"female","right","FR",3.36363636363636,2,3.3,2.8,3.9
"3da46ee0-a57b-43c0-a946-dfd5af9e3100",23,"male","right","FR",3.18181818181818,2.7,3.6,2,3.5
"55081e1d-14ac-4b41-8469-871163c0b080",23,"male","right","FR",1.63636363636364,2.8,2.7,2.6,4.1
"2cd488c0-706e-47ef-9d94-d609392fb5f5",31,"female","right","FR",3.63636363636364,3.1,4,3.3,3.3
"f9f91d05-e0a9-4829-9b8a-2a5c5b957871",23,"female","right","FR",2.09090909090909,2.7,3.2,3.3,4.7
"304cb1bb-df06-4ccc-ad56-80b20b9eac6c",16,"female","right","FR",3.81818181818182,3.8,3.5,2.7,4.6
"bc371ed6-7b1e-4382-9080-15cc0191716e",34,"male","right","FR",3.18181818181818,4.8,3.7,2.9,4.4
"92953f75-cfe0-45e3-a6e8-0ed22759b482",19,"female","right","FR",2,4.1,3.9,2.9,4
"fac1ea8a-78ec-4c5f-802a-18ca3f8098ee",34,"female","right","FR",2.45454545454545,2.3,4,4.1,3.9
"82ea22e4-c3f5-46c1-b9f0-d32a6434ad37",45,"male","right","FR",3.72727272727273,2.6,4,3.2,4.8
"52c51e12-717e-49fe-93d0-6a10d3bc1d98",25,"female","right","FR",1.90909090909091,3.7,4.3,3.4,4.5
"de1f9ca8-0070-4c5f-8ff2-627034eef1f1",18,"female","right","FR",1.72727272727273,3.9,3.6,1.9,4.1
"578bf861-34c2-4687-bc79-f6630458c64a",23,"male","right","FR",2.27272727272727,2.3,2.6,4.1,3.9
"117e6301-ccf6-4a6c-9c2e-0861fa47ceb7",17,"female","right","FR",3,4.1,3.7,2,3.4
"7eb2b334-b51d-41ba-80f5-14a4b5c70c54",30,"female","right","FR",4,4,4.5,3.2,3.7
"0d60eb97-7eaf-4b60-bc44-bf18af937bdc",19,"male","right","FR",2.72727272727273,2.4,2.3,2.6,4.3
"bf2cd193-0a7e-4575-8084-7908a67a1314",20,"male","left","FR",2.63636363636364,3.3,3.2,3.7,2.8
"6e595034-bb46-4ae7-b4ba-cd23905ee90c",47,"male","left","FR",2.45454545454545,3.7,3.1,2.2,4.5
"d403cd22-09c7-4e6c-96c1-0447e8b79aca",22,"female","right","FR",3.54545454545455,2.6,4.1,3.4,3.3
"3b66c9e9-1d29-43d6-b2d1-581954c5b2d2",22,"female","right","FR",3.09090909090909,3.1,3.7,4,4.5
"ece3ac23-6931-4924-9f5e-64f79b3c3d7c",27,"female","right","FR",2.90909090909091,1.8,3.2,3.4,4.5
"90f7d8fd-6e38-4cc7-89a7-02729ce9c89f",18,"female","right","FR",3.09090909090909,2.9,3.9,4.1,3.8
"adafe4b5-8a76-4adf-8e5a-defb175f9268",19,"female","right","FR",2.27272727272727,2.7,2.1,3.6,4.7
"0dc88310-1a5b-424f-ba1a-bdaa2f8206b0",18,"male","right","FR",2.36363636363636,3.6,3,3.1,3.4
"9e160904-109c-42ac-a16a-d28316953a10",19,"male","right","FR",2.81818181818182,2.6,3.6,2.9,3.6
"e5fb1498-7493-49a3-87bb-a1adaa354867",23,"female","right","FR",3.36363636363636,3,4.4,2.8,4.3
"64d29dd8-8569-4ff1-9586-69b86063efa0",16,"male","right","FR",2.36363636363636,2.1,3.9,3.6,4.8
"c7b30297-3b64-4ddf-b3f1-476ef5c9de0f",32,"female","right","FR",3.36363636363636,3.5,3.4,4.6,2.8
"887a815b-97b9-4dd0-9478-4266b31f6198",17,"female","right","FR",2.45454545454545,3.7,3.1,3,3.4
"bfa19aab-da0b-4f9a-bfe1-bf83d62b741a",44,"female","right","FR",3.90909090909091,2.7,3.9,3.3,3.1
"dc57c474-65ea-4725-a364-0f6d5b41cd77",18,"female","right","FR",4,3.2,4.3,3.8,3.7
"52bda8f2-68e4-49f9-9b5c-28239b75e6ab",20,"male","right","FR",3,2.1,4.1,3.1,4.3
"88f2dca6-5a71-4443-baa6-a14a56f508ba",64,"male","right","FR",2.63636363636364,2.3,4.2,3.4,4.1
"826bd158-2c9e-4dc2-a67d-d10a6b16f6ab",25,"female","left","FR",4.45454545454545,3.1,4.3,3.2,3.5
"2240d8db-02ad-459c-bb1f-8de404dc3794",25,"male","right","FR",1.90909090909091,3.3,3.4,4,3.1
"6b8b2c2a-8ce0-4f94-8d99-dbbbebfe9777",22,"male","right","FR",2.27272727272727,2,2.6,3.1,4.1
"78842f86-c7e0-40c6-950e-b6ab2ca41ecc",30,"female","right","FR",2.18181818181818,4,3,2.2,3.8
"7e10e41b-c5e1-4ecf-b82a-3884346d0073",38,"male","right","FR",1.72727272727273,3.4,3.7,1.9,4
"2f46f921-4d76-4024-8fdb-c36108b7789e",30,"female","right","FR",3.54545454545455,3.2,3.9,2.5,4.5
"23472fe8-384d-41b5-a553-f3feb9aca72e",16,"female","right","FR",2.45454545454545,3.2,4.1,2.3,4.3
"98aa2047-9159-4da4-80cf-12978fdb5dbe",24,"female","right","FR",2.90909090909091,4,4,2.4,4
"b823fa89-0a61-4f40-a9c8-31e60b93245f",20,"female","right","FR",2,3.6,3.7,2.6,3.3
"e5890b44-f349-42cf-82d8-601b69fedd7e",24,"male","right","FR",1.90909090909091,4.1,3.9,2.1,3.9
"6e302059-f16b-4b41-9b35-c88ce875f42f",17,"male","left","FR",3.81818181818182,3.6,2.2,1.7,4.5
"4836b13e-ae01-404e-9228-5a835ef63dbf",23,"female","right","FR",3.81818181818182,2.6,4.4,2.1,4
"d779e004-dda9-4abb-886b-986085630573",25,"female","right","FR",2.81818181818182,3.1,4.5,4.1,3.3
"4aa8b178-0107-433c-a34b-bdc6637b79b9",18,"male","right","FR",3,2.9,3.4,3.1,4.2
"5b830568-68dd-44f6-9c50-2ce4c1901253",21,"male","left","FR",2.36363636363636,2,3.2,3.4,3.9
"67a5049b-cff9-412a-b9ee-7c0285b2f153",26,"male","right","FR",3.63636363636364,3.3,3.9,3.8,4.8
"a1b8274d-6bef-49c4-aec0-bed7aeaa0593",20,"female","right","FR",2.18181818181818,3.9,3.2,3.2,4.3
"8fef46f8-f607-4077-8949-bd0dca0d3193",43,"male","right","FR",2.72727272727273,3.8,3.2,3.9,4.4
"16368095-3638-406c-822e-303e6284665c",20,"male","right","FR",2.90909090909091,3.2,2.8,3.8,3.1
"4902e7b2-4f69-4652-9982-c41f54e47a4a",18,"male","right","FR",3.09090909090909,2.5,3.5,2.4,3.2
"c1a7dce0-fc4f-4ae3-8be1-124ac9fb8dbb",22,"male","right","FR",4.18181818181818,2.7,3.5,2.3,3.6
"0c269791-7145-4b76-ab8f-a2fc6f63d3f2",14,"female","right","FR",2.45454545454545,3.2,2.1,3.6,4.5
"ed6b002e-7b3d-4f23-b2e0-78ac9b86010d",16,"female","left","FR",3.36363636363636,4.4,3.7,2.8,2.8
"37a52d81-b550-47c8-8bc9-f64a0dcc6cc2",17,"female","right","FR",2.45454545454545,4.5,3.6,2.7,4
"24321194-0359-42ed-87a5-ecf437b07af5",22,"female","right","FR",3.90909090909091,4.2,3.5,3.9,3.5
"68cd26a0-4168-4e38-9376-3ce3bcb354a1",18,"male","right","FR",3,3,4,3.2,4.8
"0bcacc58-77e6-4dc3-b563-d64b9a5264da",21,"male","right","FR",2.18181818181818,4.2,2.7,2.3,4.1
"8c46f0fa-f778-4c39-b4de-57c0b9fe79eb",23,"male","right","FR",3.09090909090909,3.2,3.1,3.8,3.4
"e6c51da5-d701-4a2c-942f-e1f4264404d8",35,"male","right","FR",3.18181818181818,2,4,4.1,4.5
"34767b2e-b1e5-41ba-a89c-38f60dd06a30",18,"male","right","FR",1.81818181818182,4.3,3.9,2.2,4.6
"60203a7a-e184-4884-b6dd-b7cc0ebaf654",44,"male","left","FR",3.90909090909091,2.6,3.7,3,4.2
"6b2720af-1524-41b0-99ce-a422e9c13ca9",48,"male","left","FR",2.54545454545455,4.5,3.5,3.1,4.8
"7fa600cf-de3b-4e93-a02f-ccc661c6c32b",27,"male","right","FR",2.90909090909091,2.7,3.6,3.6,3.6
"390caa7e-8e0b-412f-99d6-da81f37fdd0c",19,"female","right","FR",2.72727272727273,4.7,4.1,3.1,3.4
"170796b3-a94c-4930-a983-506af6689854",19,"female","right","FR",3.18181818181818,4.1,4.4,3.9,4.6
"dccf636a-9fe2-45c8-9fb9-9009fd2d0169",22,"male","right","FR",3.90909090909091,3.1,3.7,3.9,3.1
"0592acb3-683d-4c0d-a525-d8392baca233",16,"male","right","FR",3.18181818181818,2.4,2.7,2.9,3.4
"def5368c-86cf-41d9-ae8a-8c8a1321ef2a",16,"male","right","FR",1.90909090909091,2.9,2.9,2.5,4.2
"3edff8b3-abe6-4e3c-a3a0-1736e3f95035",25,"male","right","FR",3.54545454545455,2.6,2.5,3,4.5
"0934cdf9-3572-44a0-859b-89db2e228a87",16,"male","right","FR",2.63636363636364,3.4,3,2.6,4.2
"f7b17324-b3be-43cc-9b74-a8464270bba7",27,"male","right","FR",3.27272727272727,1.9,3.6,3.6,4.2
"827b5b20-8f0b-40b9-9cde-54f5efcfce80",18,"female","right","FR",2.18181818181818,4.3,3.5,3.6,4.3
"c10dea2c-96a6-4a44-b477-e5f3a5b44c49",27,"female","right","FR",4.09090909090909,4.2,4.6,2.8,3.5
"b8dbffc5-b4a0-433f-a2c2-2e34626c6a44",20,"female","left","FR",2.72727272727273,3.2,4.4,3.4,4.5
"a78bd572-df81-487c-b08f-ac37217f6864",25,"female","left","FR",4.27272727272727,3.5,4.5,3.4,4
"8514380b-261e-4512-b9ec-31b6d275486e",32,"female","right","FR",3.36363636363636,3.4,3.6,3.1,3.4
"6345403f-1793-45e7-b207-fd41ebb62942",40,"male","right","FR",3.27272727272727,2,3.4,3.3,4.2
"a0ea9038-923e-4eb1-9d63-7401e61c783d",72,"male","right","FR",3.63636363636364,1.7,3.9,4.3,3.3
"0975d34b-0bdc-45ea-8736-c97185df3b28",25,"male","right","FR",3.45454545454545,2.5,3.5,2.1,4.9
"d5c3f80f-9b3c-47a8-a5d6-ca75621e7244",23,"male","right","FR",3,3.3,3.9,3,4.2
"e1a76039-03e7-4d19-bb42-1261573642b6",22,"female","right","FR",3,2.4,3.7,3.7,3.7
"7372b687-90fa-460c-9d78-2b6de24dbd55",22,"male","left","FR",2.36363636363636,2.8,2.4,2.1,3.7
"24f942f0-97e1-4d7f-99cf-a367e1c74ab8",17,"female","right","FR",3.36363636363636,4.2,3.3,2.4,4.1
"f7979fde-652a-4b85-b0e7-2a276f74c21f",29,"male","right","FR",3,4,2.9,4,4.5
"29241d52-b65f-415d-865e-9263dccee7ca",25,"female","right","FR",2.27272727272727,2.6,4.2,3.5,4.8
"26a51af9-8f03-4327-9560-255fbdd2917f",15,"male","right","FR",3.27272727272727,1.9,3.8,2.9,4.2
"dc11af71-9dbb-41da-973b-c8aed5f55a7c",27,"male","right","FR",3.45454545454545,3.2,3.2,4,4.1
"f07a9226-7058-46b6-81b5-9c23badb3fbe",17,"male","left","GB",2.45454545454545,3.4,4.1,3,3.7
"d316157a-e8dc-4399-bf3a-607952c01a82",30,"female","right","GB",3.54545454545455,2.7,4.4,3.8,3.7
"d7d16947-52cb-4d06-929f-cc89415c471e",23,"female","left","GB",2.72727272727273,4,4,2.5,3.3
"7a13f8e5-82b9-4897-aa9c-5f53db83e724",15,"male","right","GB",2.18181818181818,2.6,2.8,2.2,2
"9f44bb9d-572b-401a-a8e3-bdb7a093e5f5",51,"male","right","GB",3.81818181818182,1.8,4.3,4.4,4.2
"eff2d86a-3555-48b8-a185-39abc341073e",31,"male","right","GB",2.81818181818182,1.4,3.6,5,3.7
"cc0ba848-c93d-4a0f-802d-7c9429258f8d",14,"male","right","GB",2.81818181818182,3,3,3,3
"3b79d11a-22da-4d2b-90b8-f7146cfbc320",51,"male","right","GB",2.27272727272727,4.1,3.3,3.2,2.9
"a470a6d5-a18b-40e3-a63c-d8118c9ca5a8",21,"female","right","GB",2.27272727272727,3.3,2.9,4.6,3.1
"8220a977-13bb-432d-9543-3a5e5a538664",23,"female","left","GB",2.09090909090909,4,4.5,3,4.2
"5e4f398b-acab-4623-b94a-62718664998c",16,"male","right","GB",2.90909090909091,3,4.1,3.7,4.5
"ce628947-1d24-42b6-8692-c6aad7770e57",55,"male","right","GB",2.81818181818182,4.6,4,2.8,3.7
"887a6011-5fb9-4c8a-b4b5-16af1117ec34",19,"female","right","GB",1.63636363636364,3.3,3.9,2.7,4
"76785940-a885-4b75-9c8c-71948312dbd8",20,"female","right","GB",1.90909090909091,1.3,3.9,4,3.3
"147cd5ec-769e-4cf1-ba73-28683283367d",18,"male","right","GB",2.45454545454545,2.8,2.8,2.7,4.7
"349a005e-2c06-4797-9604-e8bef934b495",32,"female","right","GB",4,2.4,4.1,3.6,3.6
"8fc79403-9f8f-4f17-a62d-f0d27acb7564",23,"male","right","GB",2.36363636363636,4.4,3.7,2.1,4
"72552a98-fde5-418a-a333-f3e48c9bc6e5",20,"female","right","GB",4.09090909090909,3.9,4.6,3.6,4.1
"3a5853b5-49fe-4be0-b27e-f0ffb0563ee8",58,"male","right","GB",2.45454545454545,2.3,3.3,3.7,3.3
"c0aedb96-b98a-4bdd-a6fb-b65651cb516c",40,"female","right","GB",2.45454545454545,4.9,2.7,3.1,2.5
"64bbbed1-b16f-47d9-a611-6472d8240be9",16,"male","left","GB",2.36363636363636,2,3.3,2.6,2.9
"c2ea46c5-274e-42dd-952f-10e14c9509bd",23,"female","left","GB",2.18181818181818,3.6,4.1,3.3,4.1
"ac5d9a0c-3731-4044-8536-724bb0e4463b",21,"female","right","GB",3,3.7,3.9,3.8,4.3
"684c6223-c050-4216-9455-53d86ad25278",16,"female","right","GB",3,4.4,3.2,2.6,4.6
"c06f6bb7-76f5-4705-a1fc-0e868cea3b23",23,"female","right","GB",3.18181818181818,3.9,4,2.9,4
"734ff06c-12d8-404c-9f19-c2f9e73f842f",14,"female","right","GB",4.09090909090909,3,3.3,4.1,4.1
"8b2ae282-06e5-426c-a08d-6f873a8cac73",17,"male","right","GB",3.54545454545455,3,3.9,2.1,2.9
"beda805e-0779-43aa-a8f2-19128c2bc286",35,"female","right","GB",3.18181818181818,3.2,3.9,2,4.1
"5209c96b-4166-4f3f-9cda-6c89663164c7",35,"female","right","GB",1.36363636363636,5,3.8,2.8,3.4
"c86da6f2-1257-49d8-a0f8-34d273204f48",13,"male","left","GB",2.72727272727273,2.1,2.6,3.4,3.6
"560e4a02-4061-48b6-8516-dcf307ffe134",42,"female","right","GB",3,4.2,3.2,3.8,4.3
"e5dbb400-a96b-4d53-836d-bd4d43d82598",66,"female","right","GB",2.81818181818182,3,3.8,3.7,4
"3cbb6cb6-9f59-4e40-919f-0a1414a7f682",14,"female","left","GB",2.27272727272727,4.6,4.3,2.5,3.7
"de863a17-41ed-4f6e-a2a5-632d551160be",31,"female","right","GB",2.81818181818182,4.4,2,2.5,3.7
"09e6e764-2e6d-4b7b-97c5-38453c1da2e1",43,"female","right","GB",2.54545454545455,3.8,4.4,2.9,3.5
"1dba9186-797e-400e-8d34-e3b254da7a08",38,"male","right","GB",2.72727272727273,3.6,3.8,2.9,4.5
"236d0ccf-78de-4ad6-926f-02dad959a815",18,"female","right","GB",2.81818181818182,4,3.8,4.5,3.4
"a982aca8-806d-423c-bd41-62911d22327e",20,"female","right","GB",3.63636363636364,3.7,4.2,3.2,3.8
"d1c649d7-a6fb-48d4-b92f-4c80709fe48e",42,"male","right","GB",4,3.2,3.8,3.6,4.8
"9ca825e2-6f67-4ca3-9f49-0c89107c43e3",22,"female","right","GB",3.09090909090909,3.7,4.1,3.7,2.6
"6999ecd1-004c-4cf0-bbe2-e18fa5216562",17,"male","right","GB",2.63636363636364,2,4.6,2.3,3.2
"55acd43b-025a-42bf-9042-c5806e3af287",31,"male","right","GB",3,4.6,4.6,3.9,4.7
"138235d4-947c-48db-afbc-c66cf326ad38",34,"female","left","GB",3.54545454545455,3.2,4.1,4.4,4.6
"aeb2b004-6a2f-4819-a7ce-ad5af659bf1c",19,"male","right","GB",3.72727272727273,2.5,4.6,3.8,4.5
"75c56f13-75fd-4e19-8bff-1ae2615e6e0d",14,"female","right","GB",3.72727272727273,3,2.4,2,4.6
"c6e191a4-5219-4027-a495-74b330e4727b",32,"female","right","GB",2.54545454545455,3.3,2.3,2.9,2.7
"07881405-a11e-4ab2-b7b1-ca7e582f1073",20,"female","right","GB",3.09090909090909,4.9,4,4.1,3.9
"3dcccdbe-a55e-485c-878a-ca36b16ba507",19,"female","right","GB",2.45454545454545,3.6,3.9,4.1,3
"375a6e8e-06f9-4616-843f-2b24c37cc129",16,"male","right","GB",3.45454545454545,3.9,3.2,3.3,4.1
"f3727f3f-b176-4f60-9104-45dc8b6840f1",19,"female","left","GB",3.36363636363636,3.4,4.7,2.1,3.8
"6e45909b-e614-47e4-9e7c-f6c0bbdc1fb5",17,"female","right","GB",3.54545454545455,3.5,4.1,2.2,4
"7829440c-f23e-4643-abbe-c7561dfba5a6",47,"male","right","GB",2.09090909090909,2.6,2.7,2.7,3.8
"e727f7e6-d491-4401-9973-3af0be3b2edc",13,"female","right","GB",2.72727272727273,3.2,3.3,2.4,2.7
"37dda5df-9847-47f3-ba2a-4f64af4494d5",21,"female","right","GB",3.63636363636364,4.2,4.4,2.7,4
"49ff81a4-0af6-4f7d-bc9c-25f47c7fd5fa",14,"female","right","GB",4,4.5,4.4,1.9,4.7
"55e9b6b8-ab22-4567-ae09-ec2a9f27cd1b",14,"male","right","GB",3,2,4.1,4.2,4.6
"677af112-3565-4979-9ddb-c4cadc3487a7",52,"male","right","GB",2.45454545454545,3.1,3,4,2.5
"312ce445-62dd-4442-9f69-00659a16bd21",16,"male","right","GB",3.45454545454545,3.2,3.9,3.3,3.7
"d3ee0720-2a5e-46f4-b4d8-fc034f0343db",46,"female","right","GB",3.81818181818182,5,3.8,2,4.5
"ba05b84e-0611-44cc-85ef-c9bf50b6b844",19,"female","right","GB",3.18181818181818,2.7,3.9,2.8,3.7
"cde09b8a-05c5-46e9-8476-007bb61a2a41",18,"female","right","GB",2.90909090909091,3.5,3.7,3.4,4.2
"8d555c94-def9-4aaf-8c30-12bd478860c1",18,"female","right","GB",3.54545454545455,1.6,2.6,1.2,3.8
"c3eede7d-1a79-4681-a047-c6c8c1f19771",40,"male","right","GB",1.54545454545455,4,3.3,4,3.5
"f5e5eed0-3d2c-4722-a3d0-74a96507bbcd",23,"male","right","GB",3.18181818181818,3.8,3.6,3.1,3.9
"bf0b6c12-a4a6-4a51-bab6-1f0e6421f91d",16,"female","right","GB",2.54545454545455,2.8,3.2,3.3,4.8
"f89d518e-eebf-4627-a4a5-646f1910a568",20,"male","right","GB",2.90909090909091,2.5,4.3,3,3.4
"af3a4acd-1042-4b73-8ad4-a9a771c9cd55",47,"female","right","GB",2.45454545454545,4.2,3.1,3.3,4.1
"4007cb88-01c7-4dcd-9680-7ef1f9ad8cf9",26,"female","right","GB",3.54545454545455,4.1,4,3.2,4.3
"4da2e734-eba6-4225-90e0-38784d594b05",16,"male","right","GB",4.27272727272727,2.2,4.2,4.6,4.2
"6b5d91b4-1712-46a3-b5f7-d87764fa4289",46,"male","right","GB",2.45454545454545,5,3.9,3.8,4.8
"860c35e9-6925-4bba-b801-1d8cfd2cfea4",18,"female","right","GB",1.81818181818182,4.3,3.8,4,3
"f375fa50-f622-4130-993c-2dd536b42846",33,"male","right","GB",4,1.5,3.3,3.1,3.9
"8c10fe06-88df-4716-a1cf-d39ded0f2cd9",19,"female","right","GB",3.54545454545455,4.8,3.8,2.1,3.9
"42cfbc1a-4210-4130-8c33-55e0cd8e3413",14,"female","right","GB",1.72727272727273,3.7,3.8,2.5,4.2
"01691f2c-9f9f-4795-847a-b2a70e8cb8ed",14,"female","right","GB",3.54545454545455,2.9,4,1.9,3.4
"9e094f85-54dc-4fbe-a127-ea5126fcd88a",20,"female","right","GB",2.63636363636364,4.5,4.7,3.2,2.4
"c05f0b69-58e6-41f1-b3aa-0b2ddcaa700c",17,"female","right","GB",2.18181818181818,4,2.3,3,3.5
"a351184b-a009-4e7b-a0cb-8a1877a2404a",16,"female","right","GB",2.09090909090909,3.4,2.6,2.4,2.6
"c0884a02-a085-436a-a7bf-a3c6bbfca10b",24,"male","right","GB",4.18181818181818,2.9,2.5,3.8,4.8
"71d7276d-109e-48d2-a238-9fe985186f27",14,"female","right","GB",1.36363636363636,4.6,1.8,1.4,1.4
"489a12fe-7b21-4774-919a-acd02c8adb9c",26,"male","right","GB",3.36363636363636,1.6,3.3,3.6,3.9
"955af8c2-c7a0-4384-9c8d-8e1ca73b2248",50,"female","right","GB",4,2.3,4.5,3.6,4
"9b100b0c-f377-4afb-9a22-d376bba655c8",48,"female","right","GB",2.90909090909091,3.4,3.2,2.6,2.8
"e4b98e51-5cc8-4cc7-812a-c48126cf226b",16,"female","right","GB",2.45454545454545,4,4.3,4.4,3.3
"31d75b4d-02dc-4282-88a1-6f77ed1d6172",18,"female","left","GB",2.90909090909091,5,2.7,2.2,5
"324d1fff-8444-4f1d-a369-f1a4a09e9b33",15,"female","right","GB",3.45454545454545,2.6,3.7,2.4,4.4
"28ca8d63-ee2e-489e-a20c-a2e746bb410f",48,"male","right","GB",3.72727272727273,2.7,4.5,2.8,3.5
"600a2be2-d5c7-49d0-a914-1bfc07bf35e2",25,"female","left","GB",3.45454545454545,2.8,3.4,4.2,4.3
"d6a5d985-73a4-48b5-866b-ad89023b52e7",43,"male","left","GB",3.18181818181818,4.2,4.1,3.3,4.2
"7a1dd2dd-0fd3-4239-97c9-b3b57ea8a1e6",21,"female","right","GB",2.72727272727273,5,3.6,2.3,3.8
"775e6f4b-c8c3-4512-ab04-3a3590ff700a",50,"male","right","GB",3.27272727272727,1.5,3.9,4.8,4.2
"eefda027-4782-40b5-880c-e5f9c752b25a",15,"female","right","GB",3.72727272727273,3.9,3.9,3.6,2.8
"a0e42867-9e38-4770-b2d1-258f8b125d7c",40,"female","right","GB",3.63636363636364,3.2,4.4,3,3.8
"12298af7-78f8-4891-80c9-7960ac652b02",17,"female","right","GB",2.72727272727273,4,3.7,2.2,3.6
"5e1fd99e-68e9-4ed7-a022-1f2d3494538c",14,"male","right","GB",3,1.8,4.4,4.5,4.2
"f544fbcd-68a5-4d61-b8f5-82f09e2f5ea6",45,"female","left","GB",4,3.2,3.9,3,4.1
"ee1dfd57-a145-4a30-98e8-543720fddd12",28,"female","right","GB",3.27272727272727,3.6,3.3,2.1,4.8
"b7f68130-ae81-48b3-be25-81802e6284e5",43,"female","right","GB",3.18181818181818,2.7,3.5,3.6,5
"0164c431-5c38-4c10-94b9-725a9689065b",30,"male","right","GB",3.27272727272727,4.8,3.8,2.7,4.4
"8dc72b4b-9d0f-42de-bbcb-4643d41e7aa1",36,"female","left","GB",3.27272727272727,3.6,4,3.1,4.4
"a1a1bbec-8b8e-44eb-be82-53ceaa6d5be5",15,"female","right","IN",1.90909090909091,3,3.5,2.5,3.2
"0a8cb3b2-5cb1-4574-9f98-a1d50f864057",26,"female","right","IN",3.09090909090909,2.5,2.9,3.4,3.6
"94547e8f-3913-405a-89ec-726ac5999337",25,"female","right","IN",2.18181818181818,5,4,4.2,4.4
"4ee3fbe5-5af4-47cf-9f97-1a4d3610a123",22,"male","right","IN",3.27272727272727,3.7,3.6,1.9,4.6
"4da6ea76-b9b5-442c-962b-656e5b41dde5",26,"male","right","IN",2.27272727272727,3.3,3.4,2.3,3.3
"e1e8dc76-0a66-4087-9408-98fd1a8caefc",28,"male","right","IN",3.45454545454545,2.2,3.8,3.7,3.6
"1f9d985c-20da-441c-80e4-9f07e4281317",35,"male","right","IN",2.81818181818182,1.8,3.9,4.1,4
"a8b3c0c4-9edc-478b-9280-d159a685680c",15,"male","right","IN",3,3.2,4.1,2.5,3.6
"098ee31a-bedd-41d5-beb9-ead514744277",24,"male","right","IN",3.27272727272727,2.5,3.2,3.8,4.2
"a31e9820-d1d7-4cd7-8ca6-ef81563b0da3",23,"female","right","IN",2.81818181818182,3.4,4.1,4,3.2
"617dc51d-c2ba-408b-865a-899f66f4b1ad",23,"male","left","IN",2.18181818181818,2.6,3.6,2.2,3.5
"7751ce29-651b-4073-bd60-3b7ab5f433c4",24,"female","right","IN",2.81818181818182,4.7,3.5,4,3.5
"804761bf-dd28-4045-8fbd-ad3fa7d25fa9",31,"female","right","IN",2.27272727272727,3.5,4.2,3.2,3.6
"34b3285f-e5fd-467a-994e-34973bdbe9c3",27,"female","right","IN",4.18181818181818,1.5,4,4.9,4.3
"2892236a-e601-4d60-8b3c-24d9ceab6178",31,"female","right","IN",2.45454545454545,1.6,3.1,4.5,3.7
"1e05ff8c-5511-46e6-a507-b88aa59f197b",14,"male","right","IN",2.72727272727273,3.9,3.2,1.8,3.9
"aaf8c85b-02a7-4c6f-abd8-9fcb62d8a368",24,"female","right","IN",2.18181818181818,4.1,3.5,2.7,3
"a322d022-3648-43f2-8b8e-19439489bf7e",23,"male","right","IN",2.54545454545455,3,3.6,3,3.3
"bb93fc45-b75d-46e2-8cd5-653a277f3c77",14,"female","right","IN",2.81818181818182,2.5,4,3.5,4.5
"9680890f-1119-4ff9-adc0-fc94cce5e9b1",45,"male","right","IN",2.27272727272727,2.5,4.1,3.7,3.2
"f5d3f26e-d3db-4072-854d-9c2175b3fc77",22,"female","right","IN",3.81818181818182,1.9,3.8,4.2,4
"cf79ad5e-d43a-468a-902a-7fbcd6289f4a",25,"female","right","IN",3.36363636363636,1.6,3.9,2.7,4.2
"91c2f9a9-868b-4796-990b-c4848b10d09a",22,"male","right","IN",1.45454545454545,3.4,2.5,4.5,3.7
"586ada60-3e19-4060-80d5-3037fbfff666",23,"male","right","IN",3.36363636363636,2.9,3.6,2.7,4.2
"5745e1bd-8a4c-4a2b-9bce-acde952487d2",25,"male","right","IN",2.54545454545455,2,2.9,4,3.8
"cc526e36-985d-4538-854e-1a33f87a8507",60,"male","right","IN",3.45454545454545,1.9,4.1,3.9,3.8
"19fa938e-cdbc-49fc-9eee-5cefe41ef7d5",26,"male","right","IN",2.63636363636364,3.7,2.7,2,4
"478037ff-274f-4149-8b71-066996430950",49,"male","right","IN",2.90909090909091,2.3,4.3,4.1,4.1
"033a09d7-4395-4bd3-a4bf-f85959d02236",24,"male","right","IN",3.63636363636364,2.4,3.5,3.7,4
"f4a4aa08-9b08-4dc7-968f-418f34b03c39",21,"male","right","IN",4,1.4,4.1,3.7,4.3
"57c998ff-f5df-4659-b714-24e12df997ce",34,"male","right","IN",2.18181818181818,2.9,3.9,2.8,4.3
"8b2bdb58-c60c-4994-8692-b89423d12656",19,"female","right","IN",3.18181818181818,4.6,3.8,3.7,3.9
"ad3e26f1-b8a1-4883-8077-47d868f67e66",20,"male","right","IN",3.09090909090909,2.8,3.3,3,3.8
"2060164c-072a-477a-ab24-fb1c1c04d944",20,"male","right","IN",3.36363636363636,2.8,4,3.6,4.3
"301a89d0-091a-4ec2-86cd-c5eb816e02b5",44,"male","right","IN",2.18181818181818,3.4,3.8,3.2,3.8
"bff6dc6f-0008-431b-868e-e30c24a40940",17,"female","right","IN",3.18181818181818,4.8,3.8,2.9,3.6
"c915b2c6-6ea3-4992-827f-ccf6bbfbe93c",28,"female","right","IN",3.27272727272727,4.6,4.2,4.6,3.4
"2b90408c-d28f-4fd1-b783-af2052b4f747",21,"female","right","IN",2.63636363636364,3,3.8,3.9,3.2
"eab069bb-1f35-4b10-aeb4-276c054b80ca",25,"female","right","IN",2.81818181818182,2.9,4.4,3.3,4.4
"c26143cf-f5f7-4a1b-af93-ccb03a32f8c9",23,"male","right","IN",2.72727272727273,2.2,3.9,3,3.4
"9ea33d5d-9417-434b-a5fd-bb79295ce8c2",34,"male","right","IN",3.63636363636364,2,4.1,4.2,4.4
"2958fec3-5098-4e03-8159-bc05f8ba9a4c",30,"male","right","IN",2.72727272727273,3.5,3.5,2.4,3.2
"1e7985e1-3891-4194-b4e2-89047ee95035",22,"female","right","IN",2.45454545454545,2.8,3.7,3,3.7
"d1ee854c-172e-494e-a5f9-522aa4dd0164",25,"male","right","IN",3.18181818181818,3.4,4,2.7,4.5
"8fb99fb0-b630-4e85-936e-b24632b45c26",24,"female","right","IN",2.63636363636364,2.8,3.4,4,4.1
"b483f33a-624f-479c-b54f-2c8cd66b5581",23,"female","right","IN",3,3.8,3.4,2.3,3
"f2a2673a-7a6c-4ecb-9912-c52fad3c478f",45,"male","right","IN",2.27272727272727,2.8,3.7,4.1,4.9
"f90d3c44-8e49-4399-ba64-b2c4f72e6232",22,"male","right","IN",4,4,3.9,2.3,4
"dc2638e8-ff5d-42ac-b8d4-7db75ab786df",15,"female","right","IN",2.09090909090909,4,3,4,4
"27fb2c24-4947-40a3-b500-c48eed9ce8b9",23,"female","right","IN",1.90909090909091,4,3.9,3,3.1
"36246448-55cf-451a-a618-3c5599652f2b",30,"male","right","IN",3.09090909090909,3.5,3.1,2.7,2.2
"9b1a0732-971b-4b7a-b3d9-1a1cf9b3edc3",20,"female","right","IN",4.27272727272727,1.8,3.2,3.8,2.7
"2c76c4ca-4de2-47b2-92ea-c441e486889e",20,"female","right","IN",4,3.4,4.1,3.6,4
"eec809a3-4d52-4129-bdf3-c9bec71093bf",22,"male","right","IN",4.18181818181818,1.8,3.9,4.2,4.3
"b38ea0bc-3460-4c90-8c75-25eb6c76aacd",22,"female","right","IN",2.18181818181818,4.4,3.9,2.4,4.1
"bd66e94a-39ae-4a27-b26c-cea71a56fa44",32,"male","right","IN",3.63636363636364,2.2,4,3.6,3.6
"170659c1-f838-4ddf-bc75-45e6ffcfba91",17,"female","right","IN",3.27272727272727,2.3,3.7,4.7,4
"d4491daf-9833-4ad6-b1ad-f84219898607",25,"female","right","IN",4.09090909090909,2.5,4.1,4.3,4.7
"5818714c-f715-414c-a4b5-5d898dc76691",16,"male","left","IN",2.90909090909091,4.1,4.4,1.7,4.5
"3ecc3240-4629-4684-8ea5-75385b8ce6f0",28,"male","right","IN",3,3.8,3.8,2.8,2.5
"9c973d8b-30bc-4113-b535-5954518b5d8c",20,"female","right","IN",2.72727272727273,2.6,3.2,2.9,3.3
"700441dd-9c67-406c-8f05-743cc024f1ff",24,"male","right","IN",1.72727272727273,3.8,3.6,2.1,3.8
"23840f09-9038-4d3c-a261-88b0cc791e2e",22,"female","right","IN",2.36363636363636,4.9,3,2.7,3.1
"eca024b4-4bdb-4111-aa11-05ddf20a6a2b",26,"male","right","IN",2.54545454545455,3.1,3.9,3.3,3.4
"b0fc303d-9df2-422a-81c7-45455a7ebb74",15,"male","right","IN",2.81818181818182,2.8,2.4,2.4,4.6
"5988752b-9977-41f3-8492-c39a7c3e10d9",20,"male","right","IN",2.63636363636364,2.1,3.7,3.1,3.6
"b9051d67-e144-4cab-a050-ecd11cdf75f2",19,"female","right","IN",3,4.3,3.9,4.1,4.1
"bcdc6c9a-a2a5-4b3e-b6a9-d4832a811712",18,"female","right","IN",2.72727272727273,4.2,3.8,2.9,4.2
"0e56d055-2c4a-4dff-acda-d88179a6e14c",52,"female","right","IN",2,3,3.7,3.7,1.9
"c88a08ab-7a5f-48aa-b2fc-e22a25c6b559",19,"male","right","IN",1.72727272727273,4,2.7,2.5,3.7
"ad2a30b7-5e13-4596-87e8-341d77afdb09",28,"female","right","IN",2.27272727272727,3.9,3.5,2.4,3.1
"c42da3b6-b874-4664-bf0f-744094a4e307",43,"male","right","IN",3,3.7,3.7,3.2,3.1
"45a97bad-a08b-4b9e-b286-5f394c30f2ae",19,"male","right","IN",2.81818181818182,3.1,4.2,2.6,3.4
"365c0ef6-5e60-4368-9565-33bc9e48598b",29,"male","right","IN",2.90909090909091,4.8,4.1,2.2,3.1
"071e730b-f976-4f57-b6cd-d10989d81971",17,"male","right","IN",3.54545454545455,1.8,2.6,3.4,2.6
"75e74aa1-bd2f-438f-870a-7a4ff93b0a65",53,"male","right","IN",2.27272727272727,1.9,4,3.1,3.9
"b591c29b-286c-4fb8-8918-3214b62e57d7",48,"female","right","IN",2.63636363636364,4.8,3.1,4,4.5
"4dadc9f1-f211-4fa5-bec9-7dbee0beb4b3",23,"male","right","IN",3.36363636363636,3.7,3.7,3.2,4
"aabd2250-9b22-4b7c-a124-2396a51d25fd",21,"male","right","IN",2.27272727272727,3,3.1,4.1,2.1
"73ab89ac-5d06-4cdc-b9f9-5be00c7fcba9",29,"male","right","IN",3,3.1,3,3.2,3.7
"3ce18c6c-440b-49f9-9d6e-824f9a9966af",28,"male","right","IN",2.90909090909091,2.6,2.4,4.8,3.8
"bd1cbdc7-53f5-4854-8030-e24ce49ee2c2",18,"male","right","IN",3.72727272727273,2.7,3.6,3.4,3.4
"1e60c2ae-93ab-4756-8357-b7533acc9883",30,"male","right","IN",2.45454545454545,2,3.6,4.7,3.6
"0d0e86fc-5d4c-44c7-b9ca-3c69bb47d7f6",17,"male","left","IN",1.45454545454545,3.4,4.1,1.6,4.1
"ece10a6a-fd62-451a-a1bb-aef5f78cd9d2",27,"male","left","IN",2.63636363636364,4.1,3.5,2.7,3
"59d29a6d-5347-41b6-b884-5bf8a852c7ad",22,"female","right","IN",3.63636363636364,1.4,4,4.2,4.2
"120c71f3-cb97-4a28-9920-d11b98b2b2d7",23,"male","right","IN",2.09090909090909,4.3,3.5,3.1,3.5
"559ae73f-c652-454b-8c00-850b4293a95b",23,"male","right","IN",1.72727272727273,4.3,3.9,3.3,3.5
"f8d259de-592e-48d0-922f-52dac24ff47f",24,"female","right","IN",3.90909090909091,3.4,3.4,3.2,4
"e19b1050-437b-4255-9acd-3e92f69e5639",23,"male","left","IN",2.18181818181818,2.1,3.9,2.8,2.8
"1355a35d-ea8e-40fb-9bbc-bae93b7cc199",25,"female","right","IN",3.81818181818182,3.4,3.1,1.5,3.9
"70c5c393-52e7-40cf-8186-382af2a347b5",30,"male","right","IN",2.63636363636364,4,3.8,3.5,3.6
"85457ec4-2e9f-485b-a97a-5934a99c63ac",22,"male","right","IN",2.54545454545455,2.9,3.3,3.9,3.8
"69303bad-32a3-4d1c-bb8b-87fcd18e3be7",24,"male","right","IN",2.36363636363636,2.7,3.8,3.2,3.2
"c606d224-b5d3-473f-99b6-b03f79fad7db",24,"male","right","IN",2.18181818181818,3.4,3.9,2.8,3.8
"81e8bd09-c450-494a-bd07-af083f67d30d",22,"female","right","IN",2.81818181818182,3,3.1,2.9,3.2
"2b0c5588-fb0d-4a7b-a190-7a3334e03e91",30,"male","right","IN",2.27272727272727,2.8,3.5,3,3.6
"91027fae-4361-496e-9b8f-7fe8f2a2a0fb",33,"female","right","IN",2.81818181818182,2.4,3.8,4.2,4.4
"8bcaf6e2-a7ea-40be-95ee-cfb8b7998800",17,"female","left","IN",2.54545454545455,4.5,2.2,2.7,3.1
"aa7ef23e-0a95-4b77-8bb4-570ba9dba75e",25,"female","right","IN",1.81818181818182,5,3.5,2,3.7
"f9d14055-23c1-445b-b3ab-75c656ec7909",21,"female","right","IT",1.90909090909091,4.2,2.8,4,4.8
"ecd9e813-17e3-4790-8783-1bb869695f6b",27,"male","right","IT",2.18181818181818,2.2,4.2,3.5,3.8
"e50204e4-0888-4ff0-ab07-1d0879fbf39d",28,"male","right","IT",2.72727272727273,2.3,4.3,3.4,3.2
"e6093600-a822-447a-9467-9541d2959fec",17,"female","right","IT",2.18181818181818,4.5,3.2,3.9,3.2
"426374e5-a042-4d4e-8ded-dfe611aff5b8",24,"female","right","IT",2.72727272727273,2.3,3.5,2.4,3.8
"52fc169e-23b8-4946-be30-78e573c28c8f",19,"female","right","IT",1.63636363636364,4.5,4.1,2.6,3.8
"dc187ff4-3e43-4c20-b8c9-cf4ff3f5e8db",20,"female","left","IT",2.90909090909091,3,3.3,3.2,4.4
"19d8ab84-7835-4fd3-a1bd-565ba879d89e",16,"male","right","IT",3,2.6,3.3,2.1,4.3
"adc8855e-ba7b-47ee-aea5-1d31e4e2594e",44,"female","right","IT",3.36363636363636,2.4,4.5,3.6,4.8
"7a6e6ef4-2db1-428e-a417-27edee846efd",19,"female","right","IT",2.18181818181818,4.2,3.5,2.3,3.5
"ef18b7b2-a6e1-45eb-9703-ca4e7cf4c892",41,"female","left","IT",2.27272727272727,5,3.7,1.8,4.6
"fe85c46e-9888-4a28-9ac9-8f3c618a885b",41,"male","right","IT",3,1.9,3.8,3.4,4.4
"c1dfb0c2-6670-4494-80b7-fe7ce2aebd72",32,"female","right","IT",2.72727272727273,2.8,3.9,3.8,3.4
"cf4910f5-5e66-46c6-954f-bfe1b60395d5",20,"female","right","IT",3.72727272727273,3.6,3.7,3.2,4.3
"711e416e-4510-4415-a499-e2766cfef22d",18,"male","right","IT",3.45454545454545,4,2,3.6,4.4
"179eb576-21cc-44b2-91aa-daf819fb18b2",20,"female","right","IT",2.81818181818182,2.4,3.6,2.5,3.9
"c2567d74-5b24-47de-9790-95de0ca506b7",21,"female","right","IT",3.27272727272727,2.5,3.2,3.2,3.2
"d64c629c-5522-4a9e-92e1-4491c786c613",17,"male","right","IT",2.54545454545455,2.2,2.3,3.4,2.8
"b80b0e8f-643d-47e7-8466-a00cafd49038",37,"female","right","IT",3.09090909090909,3.2,3.3,2.8,3.5
"4b3d401a-9f00-43d5-80a2-3fd83c4ee02b",31,"female","left","IT",2.63636363636364,2.5,3.5,3.8,4.5
"17ae1b13-6f42-4ea8-9dd5-a3edfdb15fff",18,"male","right","IT",3,3.3,3.6,3.8,3.8
"a1616a8f-f312-4c15-8d26-28396693b10b",55,"male","right","IT",2.09090909090909,2.9,3.7,3.6,3
"9b4f2273-6bc6-464a-a7d8-89214689cc78",35,"male","right","IT",2.27272727272727,4.3,3.4,3.2,4.6
"efc68291-e04a-4975-8ab7-921946b8fa5f",46,"female","right","IT",3.36363636363636,3.2,3.8,3.3,4.1
"85a39e7a-462e-44f7-9359-96a355633a02",23,"male","right","IT",2.90909090909091,4.2,3.2,3.7,4
"d78de92c-20e1-48b6-a15e-da9067c052ad",22,"female","right","IT",3.09090909090909,3.2,2,3.5,4.4
"39390346-a68e-4f0a-8df6-bf67da2219ed",25,"male","right","IT",3.27272727272727,2.3,2.8,3,4
"ef7f2711-2bbd-42bd-96ce-2fa129450cae",19,"male","right","IT",2.63636363636364,3.5,4,3.1,3.9
"c4181f49-c688-48d5-a547-f04db9e46879",42,"male","right","IT",3.27272727272727,2.7,3.9,3.5,3.9
"b0916f68-defe-4033-b74f-a6624e52b392",25,"male","right","IT",3.18181818181818,1.4,3.6,3.3,4.2
"8ac44f7e-bf26-4de8-bdd7-057264373634",18,"female","right","IT",3.09090909090909,2.8,3.5,2.9,4.2
"e81a4525-5ceb-4ab3-bf60-e405d1fa9274",35,"male","right","IT",2.54545454545455,4.1,3.7,4.8,5
"1ac971c9-1556-42ed-9596-cfb3afdf17bd",26,"male","right","IT",3.09090909090909,3.5,2.3,3.4,3.8
"b7e389b7-5709-446f-9161-00f4a290e43d",36,"male","right","IT",2.45454545454545,2.4,3.4,3.5,3.8
"4f52ab73-cb05-41c0-b6e5-1af79b16f9f4",33,"female","right","IT",4.09090909090909,4.3,4.5,1.2,5
"83dfb271-5791-4d4e-a963-a7368f050bd5",25,"male","right","IT",3.09090909090909,3.4,3.4,3.1,4.6
"aa388bcf-86aa-45a0-82cc-a21871abfaa6",46,"male","right","IT",3.27272727272727,3.1,3.9,3.6,3.4
"58291207-bb20-41d8-99b4-0694f7ff78f2",23,"male","right","IT",3.36363636363636,3,3.8,3.3,4.2
"744019af-194e-4cbc-bada-324cbe337d1f",29,"female","right","IT",2.72727272727273,3.4,4.3,3.4,3.9
"9458b6da-b88c-416e-ab6e-2ecfdb1f1865",41,"female","right","IT",3.45454545454545,4.5,2.8,3,4.4
"082deac8-2b61-44bd-893c-a082a1ab1f4f",21,"female","right","IT",2,4,3.6,3.2,2.7
"5fc1b8cc-40e6-45bc-aad8-049e0f8bdc16",20,"female","left","IT",3.81818181818182,3.1,3.9,2.5,5
"2064dc24-d5ed-4bfc-9dd5-e12851cf5969",15,"male","right","IT",2.36363636363636,2.2,3.7,4,3.7
"bc86927a-d950-42e5-a318-695458414082",22,"male","right","IT",2.54545454545455,1.6,3.5,3.8,3.9
"e1f2b660-e067-4524-af6b-b4fc45adcab1",34,"male","right","IT",2.81818181818182,2.3,3.9,4.1,4.5
"40f7a493-a077-40bc-8d34-7b9557d3b5c0",22,"male","right","IT",2.27272727272727,2.7,4.3,2.7,4.3
"99815c88-3c84-422d-bd98-439cf49a6e8b",28,"male","right","IT",3.09090909090909,2.8,3.6,3.2,4.6
"07b1cde9-a4d6-4d36-bb86-bdb73cd37d7b",17,"female","right","IT",3.90909090909091,3.1,3.2,4,4.2
"061b0553-d349-4adc-9322-e4686bf9c693",16,"female","right","IT",1.63636363636364,3.6,4.4,3.4,3
"a9af2a36-2fdb-4b43-9d7f-daac748486fa",31,"female","right","IT",3.54545454545455,2.4,3.7,3.2,4.5
"c463ed00-7d7b-434d-93c5-4339bb12a239",21,"male","right","IT",3.54545454545455,3.1,4.4,3.5,4.8
"155149c8-ef73-4001-8576-aceb45f61d5d",24,"male","right","IT",2.45454545454545,3,3.9,2.8,4.6
"b45e43d1-2c02-4eb5-97a3-306331dc2f44",31,"male","right","IT",3.27272727272727,3.1,3.6,2.9,4.7
"e2765bc9-a93c-47fb-8b00-1fd8b6f89b92",64,"male","right","IT",1.63636363636364,2.2,4,3.5,2.5
"6a494157-8533-4c88-a5e9-201f6cab95d5",45,"female","right","IT",4,1.7,4.3,4.4,4.8
"1225df78-0b87-4cd6-9228-55e07014331f",26,"male","left","IT",3.45454545454545,3.2,3.4,2.1,4.6
"8dae5e92-eef2-4a4c-bae3-8b972304d0cb",18,"female","right","IT",3.63636363636364,2.6,3.9,3.8,3.4
"93ad8ede-516c-416c-91d4-3727fea3806c",37,"female","right","IT",3.72727272727273,3.1,4.2,3.8,4
"8f0300cc-a868-483b-8e03-296254847e17",33,"male","right","IT",2.45454545454545,3.1,3.8,3.8,4.5
"197b0805-1bd0-4e1b-89e2-f96ce0017a03",43,"male","right","IT",3.09090909090909,2.2,3.1,3.8,3.3
"806f4cd7-331b-45b5-9633-567b3b164c12",17,"female","right","IT",2.45454545454545,2.8,2.5,2.8,3.5
"f4468b42-a6da-4418-8dd1-94f827dd8678",46,"male","right","IT",3.72727272727273,2.2,4.1,4.2,3.6
"b042bb7b-b006-4ef2-96b5-f705eeda739c",42,"male","right","IT",1.81818181818182,3.9,3.8,3.6,4.3
"f345b7f5-1a8f-4428-908e-34155c149640",52,"male","right","IT",2.63636363636364,2.5,3.8,2,4.4
"0262054a-169d-4fb1-92fe-681d4b871ed5",20,"female","right","IT",2.54545454545455,3.9,2.8,2,4
"b18e29e7-87ec-47c1-a88f-51172f5015a8",19,"female","right","IT",3.09090909090909,3.5,3.1,1.5,3.9
"e232a98d-5e64-4dda-9949-fff57d678334",30,"female","right","IT",2.90909090909091,3.9,4,2.6,4.6
"505c2a01-6be1-43dd-bb2a-050d60e384fb",17,"female","right","IT",3,2.9,3.5,3.7,3.6
"3ff44709-ef89-4167-95e5-c533feb2ba33",17,"male","right","IT",2.90909090909091,2.9,3.2,3.6,4.2
"fa10c25e-db89-4274-97c2-f39b68b4a14d",38,"male","right","IT",2.72727272727273,2.2,3.4,3.8,4.4
"2b9cd12a-defc-4a84-ae7e-cc2e4764d94e",32,"female","right","IT",3.36363636363636,3.7,4.1,4.2,4.5
"df633e59-335f-44b1-b85a-dfa90e553912",42,"female","right","IT",3.36363636363636,2.9,3.8,2.8,4.1
"ee4d48ca-5ec8-4e50-b985-fca9dbf475d7",18,"male","right","IT",2.90909090909091,3.4,2.8,3.4,4
"6e5471ac-a3f3-4656-ae01-710f8272a335",49,"male","right","IT",2.90909090909091,3.2,3,3.1,4
"953885e7-bc84-4032-a0fb-81fdc738632d",27,"male","right","IT",2.36363636363636,3.7,2.8,2.5,3.8
"17661267-70ab-4592-8207-4a847973111b",23,"female","right","IT",2.90909090909091,3.6,3.8,3.7,4.5
"4bc2c514-a0b8-4901-9a17-19ee0274962c",21,"female","right","IT",3.18181818181818,3.9,3.4,3.1,3.6
"31f0b37a-a698-4f2d-868e-b7dab4e810db",31,"female","right","IT",3.09090909090909,3.2,4.4,3.1,4.5
"3582d25f-3e2b-49d3-bf18-c2ef1ec59c11",20,"female","right","IT",2.72727272727273,2.7,3.5,2.7,3.6
"09094d8e-ade1-4970-bc43-0047241d0f0f",28,"male","right","IT",2.72727272727273,3.6,3.5,3.7,3.1
"8a9b7586-d619-4ad7-9e44-ec45f74f46bd",31,"female","left","IT",3.18181818181818,3.2,3.9,3.2,4.3
"939cc927-7670-48a3-a081-96011c615388",25,"female","right","IT",3.27272727272727,1.6,3,3.5,3.5
"dcfb131d-2c5b-48c1-86a7-01476039bedf",42,"female","right","IT",3.27272727272727,2.1,4,2.3,4.3
"feeb4fe7-175f-4d64-8232-015be73c215a",31,"female","right","IT",3.27272727272727,3,3.9,2.9,5
"e29fada9-bd4d-464b-8a41-c58f4f389121",23,"male","right","IT",3,2.7,3,4.1,3.6
"119f553f-f87f-42a0-9bdd-78f22ce56b0e",27,"male","right","IT",3.27272727272727,2.1,3.7,3.1,4.4
"e08a5ef5-1fdb-4d95-93e2-2929845fa9a8",37,"female","right","IT",2.90909090909091,1.8,4,4,3.7
"fa86fe6d-a388-4bfc-b145-fec749f45b34",19,"female","right","IT",2.45454545454545,3.5,3.6,2.9,2.8
"30c7077d-8804-4ff0-bb21-a2510188bd55",25,"female","right","IT",4,3.9,3.8,3.2,5
"2402a4fa-2b59-4814-a8d1-35e4bb13eed3",19,"male","right","IT",2.90909090909091,3.9,3.5,3.5,4.1
"55b76491-fb39-410c-9447-1c56b4510d4f",17,"female","right","IT",2.72727272727273,3.7,3.7,3.8,4.4
"038a75e4-1f5c-434b-820d-8e588d7d2fd5",50,"female","right","IT",3.18181818181818,3.4,3.4,3.3,3.9
"ff0e40cc-20ec-4540-b031-e2520202c37a",42,"male","right","IT",3.81818181818182,3.8,4.5,2.7,4.9
"e6356e0d-8b09-44a5-9798-aab9abe742d7",22,"female","right","IT",2.45454545454545,2.9,3.8,2.1,3.6
"85f13492-480c-45ff-9498-c06605210d51",23,"female","right","IT",3.27272727272727,3.2,3.8,3.2,4.2
"69a02257-9ca3-44c8-85c0-742ecc54f93c",20,"female","left","IT",4,1.8,4.5,4.2,4
"45993009-6568-4a5d-8447-cc5ac9605fdb",14,"female","right","IT",2.45454545454545,4.5,3.3,2.7,2.3
"1848ea8e-22eb-44a9-94ff-82838ce3fd70",39,"female","left","IT",3.27272727272727,2.9,4.1,3.2,4.2
"8d213ca3-89d1-470b-8b1e-8c0d921ccc43",27,"female","right","IT",2.81818181818182,4.2,3.9,3.2,3
"1ac2ae34-13ea-434d-a5db-e44951fa070b",31,"female","right","IT",2.18181818181818,3.9,3.4,2.6,5
"53252311-a6e3-435d-8780-c4c8b89a224b",18,"male","right","PH",2.90909090909091,3.5,3.7,3.8,4.5
"183a8452-e4ef-4dac-b9e6-7d708b5cfc50",17,"female","right","PH",2.18181818181818,4.4,3.8,4.1,3.9
"8676858e-d2b1-49ea-ac7d-d2a4485fcbc0",22,"female","right","PH",2.45454545454545,4,2.9,2.5,2.8
"af18bd25-d15a-4c31-833f-afb3385825b4",20,"female","right","PH",3.18181818181818,3.4,3.2,3.6,3.2
"049a9d0b-9547-41a8-a8af-0a7e7c161e5c",16,"female","right","PH",3,3.1,4.3,3.3,4.3
"fd210dff-7cc1-439e-8428-f85facc531a4",20,"female","right","PH",2.90909090909091,3.7,3.8,3.2,3
"afa17fd8-0fa2-41af-9e78-cbc2a324a7c1",47,"female","right","PH",3.09090909090909,2.5,4.4,4.1,4.4
"e41a98dd-7703-4314-9a5a-19fe9a566a17",17,"female","right","PH",3.54545454545455,2.6,3.2,3.9,3.7
"6b5ba684-91e6-4c7d-8f7d-32aa279c26bd",43,"female","right","PH",3.90909090909091,4.3,3.5,3.3,3.9
"00f1f72c-75b5-40cd-86b9-edd168f38649",19,"female","left","PH",3.09090909090909,3.4,3.8,4.5,4.3
"57b0210c-62f2-4441-9d6e-dd1ae4ed5663",21,"female","right","PH",2.81818181818182,3.9,3.6,3.3,3.1
"e97ea1e9-d69e-48e2-bf7d-f3aee4d8b524",21,"female","left","PH",3.90909090909091,2.1,4.1,3.4,4
"13aeea0d-d20e-403d-b9af-010f62f96ddc",25,"female","left","PH",2.54545454545455,3.5,3.4,3.7,4.1
"15eceb03-d286-4f4e-932a-1c6e706c77ed",16,"male","right","PH",2.81818181818182,1,3.5,5,3.7
"f797bfdf-bb90-4dd8-a187-613b958b9faa",19,"female","right","PH",1.72727272727273,4.4,4.2,3.9,3.7
"0407efa2-4a45-4ac4-9e8e-ce9975b29d86",23,"female","right","PH",3,2.8,4.2,1.4,3.4
"ef351e74-56d0-4522-baea-056aba93d789",19,"male","left","PH",3.81818181818182,4,4.2,3.7,4.9
"3656b991-4cb7-4da1-b54b-dc12c6226b28",27,"male","right","PH",2.45454545454545,1.3,2.1,3.1,3.9
"20061163-096c-4b87-b8e0-c87ee7119531",18,"female","right","PH",2.72727272727273,3.8,3,4.2,4.1
"4e6a935b-cdbb-4e84-8c68-02ca6ee1fcdc",17,"female","right","PH",3.36363636363636,2.3,4,3.8,3.4
"626203aa-6de2-4e2c-9503-a834053d5b81",14,"female","right","PH",2.90909090909091,4.9,3.9,3.6,4.3
"8ffce7f2-953e-4aac-894d-09ffbf85c5e0",22,"female","right","PH",2.54545454545455,3.1,3.1,2.9,3.1
"361bb31d-fb2c-4c3d-ae93-a10b36dee95c",19,"female","right","PH",3.54545454545455,2.8,2.8,2.1,2.6
"4b80994c-3785-45a2-b49a-97cf64703bd8",23,"female","right","PH",2.45454545454545,4.2,3.7,4.2,2.9
"1cbbdc66-1213-4861-a293-0e4dee2b6695",20,"female","left","PH",2.90909090909091,3.9,4.3,4.1,4.5
"65d31c49-47c5-4fe7-8e14-74e8709fe5b0",22,"female","right","PH",1.90909090909091,4.3,3.8,2.8,2.9
"6a2be8f0-81c2-4606-8cdb-de0b3c8ab980",23,"male","left","PH",1.54545454545455,4,3.4,2.6,2.6
"2123f88d-5355-4f0b-bdfa-655462a08bfd",17,"female","right","PH",3.18181818181818,3,4.2,2.4,3.2
"5f2de2a2-0234-4a37-b1f7-0284ee7bcc88",19,"female","right","PH",3.27272727272727,2.5,3.6,2.5,3.4
"4a786244-463e-4fa6-ac81-332f972316ed",18,"male","right","PH",2.63636363636364,4.1,3.7,3.4,3.9
"0950c43d-471c-47a4-835f-635dcc2c15cb",17,"female","left","PH",2.90909090909091,3.8,3.1,2.5,3.4
"c28ab7ac-d53f-4b4b-a2b0-f413b71a5b8f",17,"female","right","PH",3.81818181818182,3.8,4.1,2.9,3.9
"b51ae5c6-5faa-4b99-9874-2864e1f155b0",24,"female","right","PH",3.27272727272727,3.1,3.3,3.4,2.6
"2f2a86cf-7834-491c-87f7-0a161f7da200",27,"male","right","PH",2.63636363636364,2.4,3.1,3.8,4.1
"5903a074-c0a5-4cf4-a0be-f5ec38250389",14,"female","left","PH",2.63636363636364,4.3,3.8,3.3,4.3
"0fbd2cee-47e0-4958-8b11-4ec882a3c78f",18,"female","right","PH",3.09090909090909,3.3,3.3,2.9,3.7
"d44e9bf2-5644-49a4-9f03-e95242eb699b",17,"female","right","PH",2.81818181818182,3,3.8,3.2,3.5
"d3a20873-ed78-4973-b7bf-f94a6d584196",19,"female","right","PH",3.27272727272727,3.6,3.7,2.3,3.6
"c8f0ef16-920d-492d-b0c6-e862595c00db",22,"female","right","PH",1.72727272727273,2.6,4.2,4.1,4.4
"224c11ff-e18c-4972-834b-d22db162aebf",17,"female","right","PH",3.09090909090909,3.7,3.6,2.8,3.7
"269cc05c-1ee4-408a-a8a5-c8b68721ddb5",18,"male","right","PH",3.09090909090909,4.6,4.7,3.5,3.1
"ee3dbc3c-344b-4a40-bca7-7859cdf51050",16,"male","left","PH",2.72727272727273,3.8,3.8,3,3
"9d2de0aa-1865-4ed9-9ff2-a75a3e8bc8bc",37,"male","right","PH",2.63636363636364,3,4.1,4.3,4.3
"f18946a8-5418-4f48-aa7d-cb69c98e4a8d",19,"female","right","PH",3.18181818181818,2.9,3.5,2.7,3.3
"b1c3b553-5fc2-458a-9e38-0e1eb03751d1",19,"female","right","PH",2.72727272727273,2.8,3.2,3.2,4
"5c491e7a-8847-4c96-b5b1-c781df7f5cc4",14,"male","right","PH",3,2.2,3.1,4.3,4.5
"5b9627ec-1d7e-434c-bad3-32ef355ff03f",22,"female","right","PH",3.54545454545455,2.3,3.6,3.9,3.9
"1b632be6-527c-4160-9120-52f8d774f846",17,"female","right","PH",3.63636363636364,3.7,4,2.9,3.5
"5caf4fc0-e0e2-4093-beed-400a0b6a1e18",19,"male","right","PH",3,2.9,3.6,4.5,4.5
"a6e1cb7b-4d4b-49d6-865b-7e55607b1959",25,"female","right","PH",3.27272727272727,3.7,3.4,2.6,4
"969343b4-3934-4063-aad8-1aa51ae0d921",21,"female","right","PH",3.09090909090909,3,4.1,3.2,3.2
"2c4adf7f-7958-49e4-83e5-f9329b00328c",14,"female","right","PH",2.81818181818182,4,3.5,2.9,4.4
"acd1a5ae-aff6-418b-aa43-8f2da911eaad",24,"male","right","PH",2.63636363636364,2.9,3,2,4.9
"552b890b-53e3-45bc-b078-f2771acd3e54",19,"female","right","PH",3.09090909090909,3.6,3.9,3.8,4
"14d8513a-f41a-4c69-b157-e6e09eb6989b",14,"female","right","PH",2.81818181818182,2.9,3.9,3.2,3
"a68c7d6c-fb57-49bd-b9a3-4033027bcff9",51,"female","right","PH",3.63636363636364,1.3,4.6,4.1,4.5
"eddc305e-2cfd-4435-8f0d-69864765a8a1",67,"female","right","PH",2.72727272727273,2.1,4.1,4.1,4
"06c41a47-cd39-49e6-b70c-15f0f1aa5cd0",18,"female","right","PH",2.36363636363636,3.5,2.9,2.9,3.1
"63327072-c993-438c-a5b3-d2c4f5cae9b6",20,"male","right","PH",2.54545454545455,3.6,2.8,2.6,3.7
"311030e6-40c4-447d-a018-949769035757",24,"female","right","PH",3.09090909090909,3.2,3.6,3.8,3.7
"ffdf6907-e545-4879-afdd-030abd997f89",17,"male","right","PH",2.72727272727273,3.9,3.2,2.9,2.9
"4123e605-af50-4b4a-adb1-9af8e279023d",23,"male","right","PH",3.54545454545455,1.8,3.5,3.2,4.4
"006fcd59-035a-468d-aac3-983d88e4888c",17,"female","right","PH",3,4,2.9,2.7,4.7
"a0eef3ae-2a70-41e2-a293-559ffe9f5259",21,"female","right","PH",2.36363636363636,3.4,3.4,2.8,3.6
"9d20669b-be64-4d59-b9f1-da37fd804cfc",20,"female","right","PH",3.09090909090909,3.3,4,3.6,3.3
"c8c80511-59e8-41fc-9f14-ea7e9f5c72d7",13,"female","right","PH",3.54545454545455,4.5,3.1,2.6,4.2
"10a2e569-953b-4708-a3fc-ca69f4fa4e3e",21,"female","right","PH",2.63636363636364,3.1,3.4,4,3.2
"07005ed0-bfd1-4efe-84e8-f5870c998cbb",17,"female","right","PH",3.09090909090909,3.2,4.3,4.1,3.4
"8be7531a-9266-407a-8d4d-d75821fd7b2a",18,"female","right","PH",2.45454545454545,3.7,3.7,3.9,3.5
"d14f3f89-0ef7-4ba4-be64-ba9755adde94",19,"female","right","PH",2.09090909090909,3.7,3.4,3.2,3
"95364e6c-ef5e-4797-bdd5-281950cab110",17,"male","right","PH",2.54545454545455,2.7,4,3.7,2.9
"bbb04358-3d24-4b32-8e2b-5413ecc7e5fe",25,"female","right","PH",2.63636363636364,3.9,3.3,3.5,3.8
"69219c15-0818-4616-bc7a-5b2fe59d2223",21,"male","right","PH",2.36363636363636,3.1,3.2,3.3,3.2
"9bb33a6c-4f92-4816-a268-bba26af1caf8",26,"female","right","PH",2.54545454545455,3.7,4.1,3.7,3
"76eb5ff9-8844-4f21-b5f4-05084683d445",17,"female","right","PH",2.45454545454545,3.3,3.5,2.9,2.7
"95ed975d-56d3-432e-8250-fdf4ec2286bc",14,"female","right","PH",3.45454545454545,2.8,3.1,2.9,3.5
"16fc6187-ffe9-4ded-a4b6-b6e96c0c409c",25,"male","right","PH",2,4.6,3.3,3.9,4.5
"9fd1761e-e54c-449c-a1ad-379013d7354b",15,"female","left","PH",2.09090909090909,2.7,3.6,3,3.9
"a8794a74-7a90-4179-9783-d2c5fdf61d1f",16,"male","right","PH",2.90909090909091,4.4,2.9,3.7,3.5
"14130866-ad17-4627-bdbf-43a91b735e44",13,"female","right","PH",2.63636363636364,4.6,4.6,2.3,5
"a6b187f9-6d6b-4eb2-a0b8-57fdcc138da4",27,"female","right","PH",4.18181818181818,3,4.3,4,3.4
"d402a79d-bde1-4eae-893b-0a5fa9e11bd2",15,"female","right","PH",2.27272727272727,3.5,2.9,3.5,3.6
"0611ee69-dec9-4867-bb8f-2a985567608e",19,"male","right","PH",3.18181818181818,4.2,3.8,3.8,3.9
"2916ff6c-280e-43ec-8381-cd0cfcb6fca9",20,"female","right","PH",2.81818181818182,2.4,3.2,3.1,2.9
"0495fd45-110b-455b-accd-6ce3bfc64700",44,"female","right","PH",2.90909090909091,3.8,4.1,3.8,4
"702ff22d-5154-400d-bafb-9163aba38253",38,"female","right","PH",3.81818181818182,2.5,4.1,4.7,4.6
"d7de4160-6d6c-4789-a87b-1cdd565d51b4",17,"male","right","PH",3.18181818181818,3.4,3,2.9,3.5
"9cd04762-1078-48de-933d-38c981e3ff19",33,"male","right","PH",2.27272727272727,2.4,4.4,5,4.4
"532c8780-b2e8-4c36-ad78-23cdfa257fc1",31,"female","right","PH",2.81818181818182,3,3.8,3.9,3.3
"ec1e266d-3c51-4e2b-859d-1c363b64bd46",16,"female","right","PH",2.72727272727273,4.1,3.4,3.1,3.4
"98c0c4a5-ff16-4d48-8e51-152e11216a8c",16,"male","right","PH",2.90909090909091,3.6,3.5,3.4,3.5
"63a92256-ba03-4b14-a237-f9fdaae45f5d",22,"male","right","PH",2.72727272727273,4,3.9,3,3.8
"3cd80294-bb7c-4b50-8d0c-3f5c0a89759a",16,"female","right","PH",1.90909090909091,5,4.4,3,5
"71c237bd-c2be-4a52-bec3-40640deebfc1",22,"female","right","PH",2.81818181818182,2.7,2.9,3.6,3.4
"5d3e5707-b826-4e2b-b9c6-b894a2af0dc3",15,"female","right","PH",4,2.6,4.6,3.4,3
"0ffe48ce-e112-4894-afe8-7e537738fecc",19,"female","right","PH",2.72727272727273,2.2,3.6,2.9,3.6
"310f2ebd-0d57-43e7-8bd0-d893bc9be22a",24,"male","right","PH",2,3.4,2.6,1.9,4.5
"e9ae0fe3-9b7b-41be-bc14-b069b6d1fd90",16,"male","right","PH",2,3.4,3.1,4,3.9
"6b1ca2d5-9689-49bc-ba4b-9504dc051e07",22,"female","right","PH",2.90909090909091,3.3,3,3.7,4.4
"64a5e6fb-15a9-40c7-b949-25f0a2f989dc",21,"male","left","PH",3,3.1,3.8,4.3,3.6
"47ad889c-d64e-4996-b903-2592cccde3f3",41,"female","right","US",2.54545454545455,3.2,3.4,3.8,2.5
"1d5c3965-4833-4ce9-8ef1-5564880ec595",48,"male","right","US",2.45454545454545,2.6,2.8,2.6,3.6
"67772099-a504-454c-94c6-f6edadf98b13",21,"female","right","US",3.54545454545455,2.3,3.6,3.5,4.5
"98873f91-c706-4900-b70a-2972e3da6bef",17,"female","right","US",2.81818181818182,3,3.8,4.8,3.6
"e7a788b6-0b72-4af1-a3af-8447893042d3",31,"male","right","US",1.36363636363636,4.2,3.2,3.8,3.3
"43fcb926-0a70-4273-8786-32562970351c",14,"male","right","US",3.63636363636364,2.8,3.7,3.7,4.1
"090d53f3-cb19-4492-98bf-ffbccab6c11f",23,"male","right","US",3.27272727272727,3.4,3.9,2.9,4.9
"4e18786b-3583-4bef-9763-ed8617a1e889",28,"female","right","US",3.81818181818182,3.2,4.2,2.9,4.5
"3dc95d80-8cb3-47e0-9909-2e2d91daed99",44,"female","right","US",2.27272727272727,3.3,3.6,4.2,4
"3af84347-3eb7-4d30-838b-e8d845bf9ef3",46,"female","right","US",3.27272727272727,3.2,3.6,3.1,4
"7e02322a-16fd-420f-ab2b-5ae09d260fb5",18,"male","right","US",3.09090909090909,3.7,2.1,1.6,4.5
"b5d89e89-1496-4a39-9a6f-1dc2a5020cd9",23,"male","right","US",3.72727272727273,2.7,4.1,3.9,4
"1b473a3f-3b1e-4c2b-8b92-59f896625e42",47,"female","right","US",3.63636363636364,1.8,4.2,4.7,4.6
"80630280-326c-4c74-ae41-0bba76f7b01c",51,"female","right","US",3.90909090909091,1.1,4.4,3.8,4.2
"2f221690-5dac-43a7-8e93-7f584b7aebca",21,"male","right","US",3.18181818181818,3.2,3.4,3.1,3.3
"7e971631-7106-4638-b4d2-f3e68d4d0493",29,"female","right","US",2.18181818181818,3.7,3.9,3.5,4.2
"33953a09-8f46-4be4-b04b-c65844c9cff9",41,"female","right","US",2.09090909090909,4.7,3,3.8,3.3
"e3e831cf-1e8c-444b-ab9b-05c4fb3d3b63",18,"female","right","US",2.90909090909091,3.1,4.2,4.4,4
"3ab774a1-4f1a-4d7a-95c2-e2c0f51f43ee",62,"male","right","US",3.36363636363636,1.8,4.5,3.9,3.8
"a2198d65-a0d7-4538-9286-027551f39130",13,"male","right","US",1.81818181818182,3.9,3.4,3.5,4.7
"b6620cda-b1a1-4149-9a0b-daaecbb000dd",24,"female","left","US",3.45454545454545,4.5,4.3,3.2,4.3
"3a0638b6-cd5c-4e43-b3d7-07b5455622cc",29,"male","right","US",1.90909090909091,3.6,3.9,3.9,4.7
"553e9d55-d602-4cf2-a5b7-b148a13bc51e",18,"female","right","US",3.72727272727273,2.1,4.3,4.1,3.8
"8bc1e1e3-7ae8-4e7e-be1a-9d7e4ea8691b",21,"female","right","US",2.36363636363636,2.1,3.3,2.6,4.4
"16abfb80-63bc-40fb-a563-081a4f08b583",24,"female","right","US",3.09090909090909,3.3,3.9,3.6,4.6
"0bb2ef18-6caf-4ea0-a770-d3c10ae2b43b",19,"female","right","US",2.72727272727273,3.9,2.9,3,4.6
"6c1b0ca9-beec-4499-87bd-c2922fdb1ea5",24,"female","right","US",3.09090909090909,2.7,4.6,4,4.5
"6f068eb4-602d-43fb-8077-ba1959eac8e3",22,"female","right","US",3.09090909090909,3.6,4.7,5,3.3
"666ce6bb-05f9-4bfb-beef-379fedb6ebe0",21,"male","right","US",2.81818181818182,1.9,1.9,4.2,4.7
"efdbfb8c-000d-4b2b-88d9-38ce7c6efac7",15,"female","right","US",2.36363636363636,2.7,3.4,3.6,3.8
"96ee0de0-67c5-47d1-9b2d-2d22603180a1",15,"female","right","US",3.72727272727273,4,3.4,3.3,4.5
"da6417ad-7014-4391-bb30-2ddf3bfaf873",15,"female","right","US",2.54545454545455,4.3,3,2.8,3.9
"f0f9c177-e911-444f-bb87-efd76172b9b8",21,"male","right","US",3.27272727272727,3.5,4.1,3,4
"ba21cf4d-d82e-4770-8367-4e9f99ce0985",22,"male","right","US",1.54545454545455,3.4,4.3,1.9,4.1
"d1ae108a-de60-421e-b180-f773c0c25ac7",17,"female","right","US",3.72727272727273,1.8,3.9,2.5,4.7
"aedaf875-ca29-4978-8a3e-73b0f69cc12f",15,"female","right","US",2.54545454545455,4.7,3.6,2.3,3.9
"fa257e7f-1025-4625-a486-6268debc367c",69,"female","right","US",3.72727272727273,1.5,4.6,4.7,4.3
"8625e0de-2c28-4ec5-a643-fde1c6fa49c4",20,"male","right","US",1.90909090909091,2.4,2.9,3.4,4.1
"0340f149-fb89-4711-a93b-c15c07bd5b43",42,"male","left","US",2.18181818181818,1.7,2.2,5,4.8
"c3de6ed6-4581-4fec-8d32-671b9b2cab80",17,"female","right","US",2.54545454545455,3.6,3.4,4.1,4.1
"dcec38f3-c1d9-4869-9867-ee9068f9e80d",20,"female","right","US",2.36363636363636,4.4,4.5,3.2,4.6
"c59786c8-ec41-4a8a-b8e3-f79463be699a",21,"female","right","US",1.90909090909091,2,3.6,2.1,3.9
"10b5fd6d-81c2-4816-9f8f-abed3029a8fe",44,"male","right","US",1.90909090909091,4.5,2.1,3.7,4.1
"c8e9a9a3-9777-486d-a684-2a08e21434c0",19,"male","right","US",3.36363636363636,3.1,3.9,3,3.1
"3ebadbb7-b0d9-4d12-ad6e-f0d16131696d",67,"female","left","US",2.27272727272727,3.4,3.9,3.5,3.3
"a2c526a9-40e1-4611-aae1-1ae1949f2c03",17,"female","right","US",3.54545454545455,2.6,4.2,2.7,3.4
"861fd122-7bba-4ac4-9d8c-6fac8a93a45e",26,"female","right","US",4.09090909090909,2.7,4.1,2.5,4.5
"0efe9a62-1c5e-4536-afb1-1bc5b8df5dd0",41,"female","right","US",3.90909090909091,2.3,4.2,4.2,4.6
"53ca539a-b86c-4f13-a571-24b6b7cf3492",40,"female","right","US",3.54545454545455,2.3,4.2,4.2,4.3
"ed8f812a-3c3f-42dc-b5d0-19434a602262",35,"female","left","US",1.90909090909091,3.8,4.6,2.3,4
"72976784-b4a8-4e52-bd26-4066c7d41f66",66,"male","right","US",2.18181818181818,5,3.3,2.7,3.6
"2bdcff13-4536-44f9-bd2d-c4e45b8cd47c",28,"female","right","US",4.27272727272727,1,4.1,4.9,5
"1e026286-e770-4ec9-9b69-c5dde1628390",21,"female","right","US",3,2.3,3.9,3.1,4.3
"2194d956-98b2-440b-906b-ff29c1012c64",19,"female","left","US",3.81818181818182,3.6,4.5,3.9,2.9
"aba480ac-b864-4d89-a7f1-f415d1e79bfc",19,"male","left","US",2.18181818181818,2.7,3.9,2.7,3
"6b1d0852-9289-439d-9e4c-ca657968376a",20,"male","right","US",3.54545454545455,1,4.1,4.7,4.7
"bc4dea8b-c912-4f35-9f46-3eda09cdca2e",18,"female","right","US",3.09090909090909,2.8,4.1,4.1,4.3
"7d4586fa-83b6-4611-be1c-b27dbf24d87d",16,"female","right","US",3.36363636363636,4.5,3.1,1.6,2.1
"f2b2de18-5409-42d1-9ca9-70491430f94b",21,"male","left","US",3.36363636363636,2.9,4.2,4.4,4.1
"b5c3d954-03ec-4455-973e-066ff900cf7a",37,"female","right","US",1.81818181818182,3.4,3.7,2.5,4
"7c70d984-f0e4-4f6c-9fa1-d9fd85f52836",15,"male","right","US",3.36363636363636,2.7,3.6,3.1,3.5
"26cb0dd1-0c8d-46bb-822f-f39306da9186",14,"female","right","US",1.81818181818182,4.2,3.2,2.4,4.1
"5ece0f1e-1b85-486c-87f0-5a8004b8975b",17,"female","right","US",3.63636363636364,5,4.7,4.5,5
"a86e6a01-263a-4002-a154-ab1be6765c85",29,"female","right","US",2.45454545454545,3.9,3.9,3.1,4.7
"4e5f9ba0-6213-48e1-8da9-68d6dd750d2b",58,"female","right","US",1.36363636363636,3.8,3.6,2.6,1.6
"740a85f8-b6a0-4113-9441-e66d426e0343",45,"female","right","US",3.81818181818182,2.2,4.2,2.9,3.3
"37db6673-29ea-47e8-8f75-6c52c709c25f",55,"female","right","US",3.72727272727273,3.1,3.5,3.8,3.4
"abfcd2a1-52de-4f2e-b990-bc9fb6ca1861",19,"female","right","US",2.63636363636364,2.9,2.5,2.4,4.8
"d99f003d-d479-442b-bdfc-b6e7f4e0ca5a",52,"male","right","US",3.54545454545455,2.7,3.8,2.9,4.6
"f341ee95-9e2e-4896-ae24-239eb4b06eca",60,"female","right","US",3.81818181818182,3,4.5,4.1,4.7
"f80c32f1-80a2-4a61-b3a2-0d8065c0f819",20,"female","right","US",3.36363636363636,4.3,3,3,2.9
"71f7a7f3-3661-42f0-8411-aba1967383cc",42,"female","right","US",4,2.9,3.8,3,4.2
"8e7f25e9-fb12-4106-9d79-88f59777e424",19,"female","right","US",2.45454545454545,3.1,3.3,2.9,3
"e8ed2f94-5b69-4b67-8687-ade36e0303b8",15,"female","right","US",2.54545454545455,2.4,3.3,3.2,4.4
"6e176dbb-b891-451e-bd49-f93a642c14a9",16,"female","right","US",3.90909090909091,3.8,3.1,2.8,4
"3b0342d2-e3e8-4a97-baf0-c1dfd4d7d609",43,"female","right","US",2.18181818181818,3.3,4.5,4.5,4.6
"c88946b7-b75a-4043-90d1-87f851dfbdd1",27,"female","right","US",3,2.8,3.7,3.4,3.9
"bd2063a9-d07e-4973-b1e1-7fbae407367b",26,"female","right","US",3.81818181818182,3.9,4.1,4.8,3.4
"cfc6b9dd-856c-4168-af27-b7e5dcce1310",25,"female","right","US",2.72727272727273,2.4,3.5,2.4,4.3
"a2632b1a-0d7b-4eeb-95ea-2636538c0f3f",20,"female","right","US",2.63636363636364,3.7,3,3.2,3.3
"8fa0b30b-163d-401b-a756-ef36fa611f60",42,"female","right","US",2.36363636363636,4.2,3.8,3.6,4.1
"95ff73ff-e194-4927-99e7-67ea3e93c224",17,"female","right","US",3.45454545454545,2.2,3.7,1.5,4.2
"1ab7363f-f838-44b9-8783-4bb928c5cbd6",33,"female","right","US",3.18181818181818,3.3,4.1,3.3,4
"656fad70-f475-401b-b8b9-080e2085ecf6",15,"female","right","US",2.27272727272727,3.4,3.2,3.4,3.8
"0ab78672-ceba-439f-9001-19ac5fd25f22",41,"female","left","US",3,3.6,3.8,2.7,2.3
"2ec649b6-d170-4378-8a0b-8f6a6271aea4",22,"male","right","US",1.54545454545455,4.6,3.8,2.7,4
"48a0bf5e-d2ef-483b-9c4f-99fd70933995",22,"female","right","US",4,3.9,4.5,4.2,4.9
"964bd1ce-5206-4376-83c2-a74447f28666",21,"female","right","US",2.72727272727273,3.5,3.5,3.1,4
"2a7228ba-5488-480c-9156-eb8ebb6b85d3",24,"female","right","US",2.36363636363636,4,3.7,4,4.6
"bb17c2e5-0114-4285-b33e-410851664788",26,"female","right","US",3.54545454545455,3.3,4.5,3.9,3.8
"bb50ac61-14fb-4848-827f-cdd894fc0cdf",17,"female","right","US",2.36363636363636,3.2,4,3.6,3.2
"17be9644-0012-458b-9cd6-7c81b70e7300",19,"female","right","US",2.90909090909091,2.7,4.2,4.6,3.6
"9c8abce9-e9c8-4601-8588-cf26726dbafe",18,"female","right","US",3,2.5,4.5,3.1,4
"e601d02d-25e1-4fb9-b01d-12e1c8fdc30f",24,"female","right","US",2.45454545454545,3.4,4.5,5,4.1
"49604969-dbc3-439b-96fa-3ea562a4915f",52,"female","right","US",3.27272727272727,4,3.9,2.1,3.6
"197409f1-d5e1-414b-8e8a-3cc67b340d95",24,"female","right","US",3,2.5,4.4,3.3,3.3
"43b45016-efbb-4cab-bc4e-d54d3434ec49",20,"female","right","US",4.27272727272727,2.9,3.2,3.8,4.6
"bec309b9-ae4f-4433-8d75-6ca9d5127e2d",19,"female","right","US",1.36363636363636,3.6,3.8,2.9,3.2
"6a19c566-b2e1-4c80-aaf4-6f248bd2f84b",29,"female","right","US",4.18181818181818,3.6,4.4,2.9,3.6
"800105e6-16bf-48eb-8d09-cbae69c1de5b",25,"male","right","US",4,3.4,4,3.3,4.2
"fb1eaf56-9a3b-4a58-9036-c05b57893448",29,"male","left","ZA",4.18181818181818,2.3,3.6,3.3,4.4
"1c5d3541-5c72-4ac0-a643-8e45847cf0cb",32,"female","right","ZA",2,3.1,4,2.8,2.7
"74b966aa-5f06-455c-9837-d15cacb7618a",34,"female","right","ZA",3,4.9,4.3,3.5,3.9
"206c615f-4044-49fe-81c2-ab6322f7b0fb",20,"female","right","ZA",2.54545454545455,2.8,4.4,3.5,4.4
"593a0452-c37c-44c5-8ce9-d01d2425a86f",31,"female","right","ZA",2.36363636363636,2.4,4.7,4.4,3.8
"d9093f47-6042-42be-8630-5b15d500dc9b",25,"male","right","ZA",3.81818181818182,2.2,2.9,1.3,4.8
"d33fd4b1-1088-4107-b9b8-70bd295a222a",24,"female","left","ZA",3.45454545454545,3.5,4.7,4.2,3.8
"5d60a113-5ae0-4f2a-900f-3943d7e02284",32,"male","right","ZA",3.81818181818182,3.2,4.2,2.8,4.5
"3d569a36-1de8-4658-b757-34e32950f06d",28,"female","right","ZA",3.27272727272727,2.3,4.1,3.3,4.2
"6ae18c42-a84b-408e-807b-2de9ef1a11a2",22,"male","right","ZA",2.18181818181818,4.8,3.2,3.6,4.2
"ca8566e4-6f9d-4d71-8ea3-d52bb2f7f77c",15,"female","right","ZA",3.18181818181818,2.5,1.9,1.9,4.6
"e310ecfd-3548-4bfb-93e2-561246ed7db3",33,"male","right","ZA",3.45454545454545,2.3,3.5,4.2,3.8
"89dd34c3-471a-4c79-9d38-03aac8ca990f",19,"male","right","ZA",1.90909090909091,1.5,1.8,2.6,4.9
"92b7a8a0-2fc6-4c46-bcd9-7cd9be0e8105",27,"female","right","ZA",2.63636363636364,3.1,4,2.8,3.3
"a7c172b3-5d65-43be-8006-ce62455a46b0",21,"female","right","ZA",2.09090909090909,4.6,3.8,3.4,2.6
"63fe8e4e-8b11-4626-815f-1fa263256279",24,"male","right","ZA",3.18181818181818,1.2,2.3,2.3,2.6
"afa279d4-5149-4154-80e0-1b43898e4726",31,"female","right","ZA",2.27272727272727,3.9,2.8,2.9,4.4
"b1c4eeca-8994-4963-b54e-47fed41df7cc",38,"female","right","ZA",2.63636363636364,4.2,4.1,3,5
"f2477a35-28ec-48e3-b706-7c9c9c12b8b2",49,"male","left","ZA",3.90909090909091,1.6,4.6,3.5,4.7
"3c49555d-8a6e-467c-88f5-0823452d6993",33,"female","right","ZA",3.81818181818182,4.8,4.2,1.2,4.4
"7201e0ae-0c11-471f-88cc-1e26c1f6fa04",35,"male","right","ZA",2.81818181818182,1.8,4.6,4.6,4.2
"e8ed38ef-1e70-48ff-ae25-3390417fcc1f",27,"male","right","ZA",2.90909090909091,2,3.4,4.3,4.3
"730dc24e-3dcd-4c8d-80f6-2e0ad52380b6",27,"female","right","ZA",2.18181818181818,1.7,4.1,4.2,4.5
"75c820d2-7221-421b-815e-d7dac1ff02bb",15,"female","right","ZA",3.18181818181818,3.6,4.5,2.6,4.1
"bd931993-8f92-4549-b462-612ee20beb60",22,"male","right","ZA",2.27272727272727,3.3,3.4,3.6,4
"66b7e8ad-1300-4ceb-bffc-7c282c8362bf",31,"female","right","ZA",2.45454545454545,3.1,3.9,4,3.6
"8540b14d-fe43-4212-8354-2d13d8179933",55,"male","right","ZA",3.45454545454545,4.2,1.8,4.2,3.2
"5cfe6bc2-52fa-4f5b-b6f6-9b1e9eb6e6af",28,"male","right","ZA",3.45454545454545,3.9,2.5,3.7,3.9
"1d29cebb-5569-401b-b73c-7b60577e2140",34,"male","right","ZA",3.63636363636364,2.2,4.3,4.3,3.6
"5a623332-141f-4381-850c-267959d9b8fd",27,"female","right","ZA",1.45454545454545,4.5,2.3,4.2,4.6
"4d5a0e6d-6e0d-486c-8f83-f9143b4f36b4",17,"female","right","ZA",3.27272727272727,4.7,3.2,3.8,4.8
"ab624239-d1d2-4c95-abb7-2047f4ccf448",22,"male","right","ZA",4.63636363636364,1.4,4.6,5,3.8
"233bdb03-7d61-497d-aebf-94605fe49aba",36,"female","right","ZA",2,3.5,3.5,2,3.1
"95d6ff8e-61fc-4c40-b876-d93203d708be",46,"female","right","ZA",2.54545454545455,3.9,4,2.4,3.5
"9dd54160-d4b4-4f73-a3bf-71d37b964784",16,"male","right","ZA",3.27272727272727,2,3.4,2.6,3.2
"0b22ab64-6801-4cfe-8c0a-25128bdd4e8d",24,"female","right","ZA",3.18181818181818,3,3.7,3.2,4.1
"5123d1c2-8767-46bd-b5db-dae50956c30c",30,"female","right","ZA",2.54545454545455,2.3,3.9,3.6,3.5
"d158c4d1-cdc8-472a-83a3-dafb05b7a067",39,"female","right","ZA",3.27272727272727,3.4,4.1,2.9,4.2
"5269193c-db9e-4144-9d9d-73f4dfbe3ec9",33,"male","right","ZA",4.09090909090909,3.7,3.9,3.8,5
"1391c054-06fe-4858-8666-66a7788a1d40",35,"male","right","ZA",2.36363636363636,1.8,4,4.7,4
"5495c6d1-7500-463b-9c6c-8da8e06a0248",32,"female","right","ZA",2.63636363636364,4.7,4.4,4.8,4.6
"046669c2-05f3-4264-8331-4b97e85d9a70",21,"male","right","ZA",2.09090909090909,2.7,3.5,3.2,3.4
"95d2489c-91aa-4d2a-8c06-a8a38f67f071",29,"male","right","ZA",3,2.4,2.9,2.8,3.2
"6676d0a3-cf45-40fc-a5cd-bd071d6a9124",21,"female","right","ZA",3.63636363636364,3.8,4,2.8,3.4
"6f3a8183-bb71-4e88-9eda-e2e9d7500ffa",32,"female","right","ZA",2.45454545454545,2.3,4.6,4.1,3.3
"832c0995-8a54-4372-87ab-049dec66a253",23,"male","right","ZA",2.81818181818182,2.1,3.8,4.1,3.5
"96dc3a23-11a6-4db7-ade9-010ff1527c53",26,"male","right","ZA",2.27272727272727,3.5,3.2,2,4.4
"27e670ad-2ca9-4177-a6ea-341ce0e78dc4",29,"male","right","ZA",2.54545454545455,2.9,4.4,4,3.7
"de693ed4-3c5a-4499-84dc-62b9a1f68275",39,"female","left","ZA",2.54545454545455,4.1,3.8,3,4.1
"3b166179-75cc-40d2-ba65-0be2a4ac9434",46,"female","right","ZA",3.63636363636364,2.7,3.9,2.5,4.6
"e87d6d54-2dde-43cb-8ae9-1d78c41f8fa6",39,"female","right","ZA",2.54545454545455,2.7,4.2,4.2,3.7
"0e7832c7-5d55-4c9d-80db-5d7bdb649bf9",36,"female","right","ZA",3.45454545454545,4.1,3.8,2.9,3.8
"8a5c6ddd-959f-40b3-909a-eff45e0c381b",24,"female","right","ZA",2,4.4,4.3,4.1,4.8
"dcb35a0e-b03d-4436-b0f6-9c8e35109cbb",69,"female","right","ZA",3.36363636363636,3.1,4.5,3.7,5
"e6541b8b-d956-45e8-9491-0fc031edb8a6",38,"male","right","ZA",3.45454545454545,3.3,2.5,4.4,4.6
"9a661562-7039-4671-879e-fb1c36745aa1",42,"female","right","ZA",2.90909090909091,3.6,4.4,3.2,4.5
"b42c1247-cdfe-4722-a9ec-c1ff05bbd255",43,"female","right","ZA",4.27272727272727,1.4,4.4,3.2,4.7
"f9423ef5-72f1-4861-8ff1-e52ff7396323",37,"female","left","ZA",3.27272727272727,1.6,4.2,4.3,4.3
"ee51bb55-b7e7-47d3-943b-ddcb5e1e5cf2",23,"female","right","ZA",3.27272727272727,3.6,4,4.1,3.7
"de9769d3-e0b6-4d37-8056-b872c6c0555e",23,"male","right","ZA",4.36363636363636,1.3,2.7,1.9,4.4
"23c13b87-c9f9-4ca9-892f-e9b4697738db",24,"female","right","ZA",3.63636363636364,3.6,3.4,3.6,3.7
"409d2ccd-ad57-401c-a664-76aa9cc14a77",26,"male","right","ZA",3.45454545454545,2.2,4.4,4,4
"00a90146-1e17-491e-b8eb-eb03140ec637",29,"male","left","ZA",3.81818181818182,4,3.8,3.4,3.6
"d41cf151-a679-4f68-9e7a-8c55a9ae6099",32,"male","right","ZA",2.72727272727273,2.6,2.4,4,4
"175df458-4577-46b6-8378-31b36f919f4a",38,"male","right","ZA",3.18181818181818,2.7,3.2,3.7,3.8
"57bd2fa2-d4a6-4d3a-bfe8-79a48add0b04",46,"female","right","ZA",3.09090909090909,3.7,3.8,3.1,3.1
"a6b34344-a732-4087-99d6-018588b5fe91",45,"female","right","ZA",3.90909090909091,1.8,4.6,4.8,4.4
"d4412cd3-68f7-4d9e-9288-3816f56cc81a",39,"female","right","ZA",3.36363636363636,4.4,3.6,3.9,4
"c53d6557-e3b0-4f1a-9fd0-85c130c703c1",20,"female","right","ZA",3,3.1,4.8,3.7,3.7
"e1274c0e-203c-4167-8bcb-c3ee27d407d4",14,"female","right","ZA",3.18181818181818,3.5,4,2.5,4
"09282d57-5799-42e2-bdfd-38609dbab246",33,"male","right","ZA",2.27272727272727,2.4,3.6,4,3.6
"560373b9-18dc-408c-9348-acf5913d0b34",20,"male","right","ZA",3.54545454545455,3.7,3.4,1.6,4
"dfa3db22-ce39-47e6-b79d-18911f45d1fa",29,"female","right","ZA",3.45454545454545,2.8,4.4,2.9,4.7
"a8151349-33b9-4f1d-882c-8bd57806b770",24,"male","right","ZA",4,2.1,4.2,3.7,4.3
"71f8fcbc-5e32-40f7-9460-f746e121db72",42,"male","left","ZA",2.18181818181818,3.6,4,2.8,3.9
"2c11aca4-c10c-4684-86f1-c2a589217fb4",49,"female","right","ZA",3,3.4,4.4,2.7,3.1
"fd0051af-8f50-40cb-b0db-bbb0f0597c90",18,"female","right","ZA",3.18181818181818,3.9,4,3.1,5
"b6857573-6cb9-4c91-a55d-e69d48a04e35",34,"male","right","ZA",2.72727272727273,1.8,3.3,4.2,3.7
"e1e12898-e62f-472a-aacb-8f048435890d",21,"female","right","ZA",2.36363636363636,3.4,3.5,3.3,4.5
"9448bffe-a45c-4e84-bf9d-ff816ff212fd",35,"male","right","ZA",3.09090909090909,2.6,2.7,2.9,4.5
"2de1e939-e57a-4989-ad0d-296d70eae02c",39,"female","right","ZA",3.72727272727273,2.2,3.1,3.9,4.3
"5dcd7bbd-6531-4421-88cf-6b1da735a802",55,"female","right","ZA",3.27272727272727,2,4.2,4.5,4.7
"313efa19-913b-49b4-b923-cce0bbb89f32",20,"female","left","ZA",3.54545454545455,1.2,4.2,2.7,4.4
"305f664d-156e-4418-8da0-6e13c5b93555",33,"female","right","ZA",3.27272727272727,2.6,4.4,4.6,4
"35b856f0-3d3a-423a-be8a-7059715eda06",19,"male","left","ZA",3.54545454545455,3.6,3.7,3.7,4.1
"a17e1411-0539-4016-825e-567af7dcf7c8",24,"female","right","ZA",3.45454545454545,2.9,4.7,2.8,3.5
"be4dbfca-c2c8-4398-b814-0c487144d07d",45,"female","right","ZA",2.81818181818182,2.7,3.5,3.4,4.6
"42fb6564-ff25-4ab5-94e7-996cc63f8b85",21,"female","right","ZA",3.63636363636364,2.6,3.7,3.9,4.5
"64a3a43c-313b-47d0-9a80-e04b349892ce",21,"female","right","ZA",2.72727272727273,2.7,4.7,3.3,3.7
"1da74e64-77de-4499-9b0d-cfc86380aebd",21,"female","right","ZA",3.09090909090909,2.5,4.1,3.6,4.3
"8eb691f2-ace8-4f5c-a5ed-4c918b37e4ec",46,"female","right","ZA",1.81818181818182,4.6,4.2,4.5,3.9
"ecbdd60b-6e3d-4a9c-833d-ce20d00384c3",36,"female","left","ZA",2.54545454545455,2.9,4.1,3.8,4.1
"6e0323d7-3300-4c2c-9a05-e6c196db77f6",23,"female","right","ZA",2.27272727272727,3,3.4,3.8,3.9
"2937aad2-bfa9-4fed-b340-5b7a9c84c6e5",52,"female","right","ZA",3.72727272727273,2.7,4.3,4.4,3.8
"cee0eea3-bc02-4480-a61b-90fda6f92b07",35,"male","right","ZA",2.81818181818182,1.9,4.2,4.5,4.4
"e5056147-016e-4f53-983b-f1a4e0f60625",46,"female","left","ZA",2.81818181818182,3.3,4.3,3.9,3.5
"bbc9c0f2-a25a-4228-87a0-cf80ffa5c66a",25,"female","right","ZA",3.36363636363636,2.2,4.3,3.3,4.1
"6079e3f6-d468-4b3d-9947-26717ee29938",16,"female","left","ZA",2.18181818181818,4.2,2.4,4.1,4.7
"cae1d76d-e8a1-4429-8a79-d2b8b3d71114",27,"female","right","ZA",2.63636363636364,2.4,3.2,3.3,3
"74363e81-d583-43f2-9dd1-d513374befc7",37,"male","right","ZA",3.72727272727273,2.9,4,4.3,4.6
